timestep,x,y,theta,sdf_value,risk_margin_stage0,risk_margin_5,risk_margin_max,path_s,predicted_s,solver_status,planner_projected_s_raw,planner_projected_s,planner_slice_start_s,planner_slice_lookback,slice_start_s,slice_end_s,slice_start_idx,slice_end_idx,slice_n_segments
0,0.075,0.7949999999999999,-1.5707963267948966,0.029999956488609314,,,,0.012781250000000003,0.0223102373949866,0,0.011250000000000093,0.04125000000000009,0.011250000000000093,0.03,0.0,2.891614275999009,0,15,16
1,0.075,0.782659878225615,-1.5707963266705567,0.0299999937415123,,,,0.02359012177438502,0.03210474066035372,0,0.02359012177438502,0.05359012177438502,0.02359012177438502,0.03,0.0,2.891614275999009,0,15,16
2,0.07500000000142465,0.7712021739795822,-1.547073802338172,0.028233634307980537,,,,0.03504782602041778,0.04304804334746957,0,0.03504782602041778,0.06504782602041778,0.03504782602041778,0.03,0.0,2.891614275999009,0,15,16
3,0.0752839120342308,0.7592363828435075,-1.5391081379456708,0.027362462133169174,,,,0.040728603251060216,0.05318868144252531,0,0.047013617156492556,0.07701361715649255,0.04701361715649255,0.03,0.0,2.891614275999009,0,15,16
4,0.07579614803944523,0.7430769063985961,-1.5862884047419157,0.028047388419508934,,,,0.055318868144252534,0.06499253034251247,0,0.06317309360140388,0.09317309360140388,0.06317309360140388,0.03,0.0,2.891614275999009,0,15,16
5,0.07558292392893091,0.7293145787932662,-1.6026513338830275,0.027051180601119995,,,,0.07062406629281406,0.07772596484912238,0,0.07693542120673379,0.10693542120673379,0.07693542120673379,0.03,0.0,2.891614275999009,0,15,16
6,0.07523019816923718,0.7182454730115536,-1.6128572385125846,0.026655973866581917,,,,0.0722157456061403,0.09083154690073379,0,0.08800452698844641,0.1180045269884464,0.08800452698844641,0.03,0.0,2.891614275999009,0,15,16
7,0.07418554185834851,0.6934233720467947,-1.5790473079185905,0.02856825664639473,,,,0.08862473203511007,0.10253816201501502,0,0.11282662795320532,0.14282662795320533,0.11282662795320533,0.03,0.0,2.891614275999009,0,15,16
8,0.0740831594249968,0.6810151373832573,-1.4762449605301657,0.022203363478183746,,,,0.10544417835262762,0.11511871943476697,0,0.12523486261674277,0.15523486261674277,0.12523486261674277,0.03,0.0,2.891614275999009,0,15,16
9,0.0748789828918366,0.6726233971049521,-1.4263768515362565,0.01955357939004898,,,,0.10764577590108422,0.12335175112377214,0,0.13362660289504794,0.16362660289504793,0.13362660289504794,0.03,0.0,2.891614275999009,0,15,16
10,0.07702352599239452,0.6578773750979153,-1.3245721769083154,0.011668242514133453,,,,0.12467035022475444,0.13673107047089092,0,0.1483726249020847,0.1783726249020847,0.1483726249020847,0.03,0.0,2.891614275999009,0,15,16
11,0.0790202805542925,0.6499324251234445,-1.2744323358894518,0.00830284133553505,,,,0.14326449085595044,0.15159706370374665,0,0.1563175748765555,0.1863175748765555,0.1563175748765555,0.03,0.0,2.891614275999009,0,15,16
12,0.08150987658209574,0.6417793522365385,-1.2556610701123416,0.007167994976043701,,,,0.14660933933334303,0.1554465364642346,0,0.16447064776346157,0.19447064776346157,0.16447064776346157,0.03,0.0,2.891614275999009,0,15,16
13,0.08457417750249366,0.6323796292985007,-1.269419729802994,0.007865600287914276,,,,0.16386163411605864,0.17031229347062757,0,0.17387037070149935,0.20387037070149935,0.17387037070149935,0.03,0.0,2.891614275999009,0,15,16
14,0.08604060055685887,0.6276620947099213,-1.2776066493305311,0.008235510438680649,,,,0.1675780733676569,0.17568132097859993,0,0.17858790529007873,0.20858790529007873,0.17858790529007873,0.03,0.0,2.891614275999009,0,15,16
15,0.08862263073931914,0.6191092056980048,-1.3137878947648467,0.009504087269306183,,,,0.18581236326911496,0.19098673532480187,0,0.18714079430199526,0.21714079430199526,0.18714079430199526,0.03,0.0,2.891614275999009,0,15,16
16,0.08977154770876904,0.6147377216134247,-1.332435307666,0.010045841336250305,,,,0.1900213522143205,0.19863750958992826,0,0.1915122783865754,0.2215122783865754,0.1915122783865754,0.03,0.0,2.891614275999009,0,15,16
17,0.0933585121626979,0.5999753520680992,-1.340265750706813,0.010148700326681137,,,,0.20627464793190087,0.21408845019560974,0,0.20627464793190087,0.23627464793190087,0.20627464793190087,0.03,0.0,2.891614275999009,0,15,16
18,0.09557367764547148,0.590537191592879,-1.2794039593325723,0.009850513190031052,,,,0.21571280840712106,0.22186743659122643,0,0.21571280840712106,0.24571280840712106,0.21571280840712106,0.03,0.0,2.891614275999009,0,15,16
19,0.09696569147255525,0.5858960591049187,-1.2199604013915186,0.009651053696870804,,,,0.2203539408950813,0.22673832191565424,0,0.2203539408950813,0.25035394089508134,0.22035394089508134,0.03,0.0,2.891614275999009,0,15,16
20,0.09850011633334678,0.5817033675889919,-1.1292296000559354,0.009379379451274872,,,,0.22936298860939175,0.2360293186229753,0,0.22936298860939175,0.2593629886093918,0.22936298860939178,0.03,0.2250000000000001,2.891614275999009,1,15,15
21,0.10047489721748797,0.5775256693105308,-1.0092296000570968,0.008887015283107758,,,,0.23255753444517605,0.2401027452083102,0,0.23255753444517605,0.26255753444517604,0.23255753444517605,0.03,0.2250000000000001,2.891614275999009,1,15,15
22,0.10446585269691784,0.5711821018324339,-0.9186743890865816,0.008679322898387909,,,,0.23834969942395,0.24547852392145378,0,0.23834969942395,0.26834969942395004,0.23834969942395004,0.03,0.2250000000000001,2.891614275999009,1,15,15
23,0.10673792604766401,0.5682064624899096,-0.8352824492036474,0.008410681039094925,,,,0.24144615724550686,0.2508270647483125,0,0.24144615724550686,0.27144615724550686,0.24144615724550686,0.03,0.2250000000000001,2.891614275999009,1,15,15
24,0.11275111347430791,0.5615612979143461,-0.7152824655381005,0.008446678519248962,,,,0.2512913532374157,0.2596240840473307,0,0.24925215327375594,0.27925215327375597,0.24925215327375597,0.03,0.2250000000000001,2.891614275999009,1,15,15
25,0.11652657935238869,0.5582813402551959,-0.630968790315764,0.008432887494564056,,,,0.2538710883778337,0.26335749604959824,0,0.2538710883778337,0.2838710883778337,0.2538710883778337,0.03,0.2250000000000001,2.891614275999009,1,15,15
26,0.12893677220880545,0.5492144584942883,-0.596603628999886,0.008846350014209747,,,,0.26851163083029267,0.27875830148419595,0,0.26851163083029267,0.29851163083029264,0.2685116308302926,0.03,0.2250000000000001,2.891614275999009,1,15,15
27,0.13783082363333227,0.5431739538183864,-0.47660388824122857,0.011076033115386963,,,,0.28037583014841966,0.2911940191581931,0,0.2788594441680184,0.30885944416801836,0.27885944416801833,0.03,0.2250000000000001,2.891614275999009,1,15,15
28,0.14657297779026976,0.5386603633055302,-0.41881422973255444,0.01243189349770546,,,,0.2885803024502831,0.29903798859642755,0,0.28858030245028315,0.3185803024502831,0.2885803024502831,0.03,0.2250000000000001,2.891614275999009,1,15,15
29,0.15475070310817496,0.5350200402656524,-0.3182135231461901,0.015231356024742126,,,,0.2974895450979048,0.31083095688698203,0,0.2974895450979048,0.32748954509790484,0.2974895450979048,0.03,0.2250000000000001,2.891614275999009,1,15,15
30,0.16710133907380043,0.5309516430806556,-0.23979724678710918,0.018010996282100677,,,,0.3104929273118764,0.3207626330095711,0,0.3104929273118764,0.3404929273118764,0.3104929273118764,0.03,0.2250000000000001,2.891614275999009,1,15,15
31,0.1769155915719327,0.5285520405022761,-0.18668587278098414,0.02021092176437378,,,,0.3205623657023942,0.3335038734106125,0,0.3205623657023942,0.3505623657023942,0.32056236570239416,0.03,0.2250000000000001,2.891614275999009,1,15,15
32,0.19129057748740103,0.5258368168676302,-0.08708518156890985,0.02448422648012638,,,,0.33148817784685725,0.34541907715168674,0,0.3350583038543306,0.3650583038543306,0.33505830385433055,0.03,0.2250000000000001,2.891614275999009,1,15,15
33,0.20619237760859638,0.5245358003387808,-0.04103432612558321,0.02649695985019207,,,,0.3435854122563143,0.358415424103767,0,0.3435854122563143,0.37358541225631425,0.3435854122563142,0.03,0.2250000000000001,2.891614275999009,1,15,15
34,0.223153676407577,0.5238394139663133,-0.03074465543063887,0.026555197313427925,,,,0.3604890886638913,0.3730889146938463,0,0.3604890886638913,0.3904890886638913,0.3604890886638913,0.03,0.3435854122563143,2.891614275999009,2,15,14
35,0.23615389463945585,0.5234396007559871,0.025642814130685764,0.026531388983130455,,,,0.37348930689577015,0.3858864291768386,0,0.37348930689577015,0.4034893068957701,0.3734893068957701,0.03,0.3435854122563143,2.891614275999009,2,15,14
36,0.2497407711524726,0.5237880828903062,0.04817691653756857,0.02522844448685646,,,,0.3870761834087869,0.3985148532114208,0,0.3870761834087869,0.41707618340878694,0.3870761834087869,0.03,0.3435854122563143,2.891614275999009,2,15,14
37,0.26239149824922975,0.5243980278840393,0.08035924746704746,0.023522794246673584,,,,0.3990783563518249,0.40997399694483755,0,0.39972691050554404,0.429726910505544,0.399726910505544,0.03,0.3435854122563143,2.891614275999009,2,15,14
38,0.2741848938196058,0.5253477815369535,0.11464691814227974,0.022063491865992546,,,,0.4115203060759201,0.4217272107179355,0,0.4115203060759201,0.4415203060759201,0.41152030607592005,0.03,0.3435854122563143,2.891614275999009,2,15,14
39,0.28549970101186645,0.5266507028151984,0.15539397979829808,0.020585263147950172,,,,0.42283511326818074,0.43260706876482097,0,0.42283511326818074,0.4528351132681807,0.4228351132681807,0.03,0.3435854122563143,2.891614275999009,2,15,14
40,0.2962475266833865,0.5283344245259699,0.19785179137125863,0.019470090046525,,,,0.4319386607325903,0.4420353620133996,0,0.4335829389397008,0.4635829389397008,0.4335829389397008,0.03,0.3435854122563143,2.891614275999009,2,15,14
41,0.3065180913056675,0.530393411081001,0.2426113704352153,0.018693426623940468,,,,0.4438535035619818,0.453350109128292,0,0.4438535035619818,0.47385350356198175,0.4438535035619817,0.03,0.3435854122563143,2.891614275999009,2,15,14
42,0.3167513663607484,0.5329260057912314,0.2646224889800556,0.019876549020409584,,,,0.4540867786170627,0.4635738316476004,0,0.4540867786170627,0.48408677861706273,0.4540867786170627,0.03,0.3435854122563143,2.891614275999009,2,15,14
43,0.3265765725769463,0.5355884134647536,0.28404592172338133,0.021373433992266655,,,,0.46092943066384934,0.4710082250869972,0,0.46092943066384934,0.4909294306638493,0.4609294306638493,0.03,0.45608541225631427,2.891614275999009,3,15,13
44,0.335358353360639,0.5381521658512937,0.31018574050940556,0.022407039999961853,,,,0.4700712891102955,0.48076376299815216,0,0.4700712891102955,0.5000712891102955,0.4700712891102955,0.03,0.45608541225631427,2.891614275999009,3,15,13
45,0.3449960935006419,0.541241373024728,0.32424467891952924,0.024691758677363396,,,,0.4823193297934062,0.4919058099051859,0,0.48019134529528557,0.5101913452952855,0.4801913452952855,0.03,0.45608541225631427,2.891614275999009,3,15,13
46,0.3539363983122301,0.544246271110148,0.36452168998290885,0.0254653450101614,,,,0.4896230953581806,0.5004408678368334,0,0.4896230953581806,0.5196230953581806,0.4896230953581806,0.03,0.45608541225631427,2.891614275999009,3,15,13
47,0.3633094767588044,0.5478227942114279,0.37863542767291775,0.026884056627750397,,,,0.4996461742421882,0.5099527030035816,0,0.4996461742421882,0.5296461742421882,0.49964617424218816,0.03,0.45608541225631427,2.891614275999009,3,15,13
48,0.37162109108814484,0.5511294147040586,0.4194439831116467,0.02880217880010605,,,,0.511472141331041,0.5225531680880664,0,0.5085769091477209,0.5385769091477209,0.5085769091477209,0.03,0.45608541225631427,2.891614275999009,3,15,13
49,0.3822338100124244,0.555861687733116,0.432814601877072,0.02955937385559082,,,,0.5201414944662501,0.5316479754608718,0,0.5201414944662501,0.5501414944662502,0.5201414944662501,0.03,0.45608541225631427,2.891614275999009,3,15,13
50,0.39117459868231147,0.5599926185773415,0.4642208154793297,0.03159470111131668,,,,0.5299297863812107,0.5429324131958674,0,0.5299297863812107,0.5599297863812107,0.5299297863812107,0.03,0.45608541225631427,2.891614275999009,3,15,13
51,0.40205713602341947,0.5654416869102916,0.47038953101082354,0.03206224739551544,,,,0.5441124623972472,0.5566141598989212,0,0.5419770145029329,0.5719770145029329,0.5419770145029329,0.03,0.45608541225631427,2.891614275999009,3,15,13
52,0.412739027496924,0.5708729591015979,0.4969861083316366,0.03584086149930954,,,,0.553828265607121,0.5679231741791406,0,0.553828265607121,0.583828265607121,0.553828265607121,0.03,0.45608541225631427,2.891614275999009,3,15,13
53,0.4240509846130663,0.5770085141220256,0.4984567626385577,0.04144369810819626,,,,0.566499963248852,0.5807497881701744,0,0.566499963248852,0.596499963248852,0.566499963248852,0.03,0.45608541225631427,2.891614275999009,3,15,13
54,0.43525796051230464,0.5831084751965678,0.5141685213358874,0.05000153183937073,,,,0.5810182874390863,0.5958451037538678,0,0.5790608111695063,0.6090608111695063,0.5790608111695063,0.03,0.45608541225631427,2.891614275999009,3,15,13
55,0.4476060677077679,0.5900832333535255,0.5004712410656535,0.06055322661995888,,,,0.6000313428432639,0.6132250238484526,0,0.592980866418862,0.6229808664188621,0.592980866418862,0.03,0.45608541225631427,2.891614275999009,3,15,13
56,0.460343206806204,0.5970493597808212,0.5083872306109859,0.05223739519715309,,,,0.6072672601443891,0.6239378168272499,0,0.6072672601443891,0.6372672601443892,0.6072672601443891,0.03,0.45608541225631427,2.891614275999009,3,15,13
57,0.4735124418942778,0.604387827089051,0.4691790538778469,0.03924515098333359,,,,0.6230485133990482,0.6396218842592498,0,0.6220813206434147,0.6520813206434147,0.6220813206434147,0.03,0.45608541225631427,2.891614275999009,3,15,13
58,0.4877056941609518,0.6115828628905676,0.45857879696631665,0.025510845705866814,,,,0.6440579420571215,0.6585061068350461,0,0.6378214921117507,0.6678214921117507,0.6378214921117507,0.03,0.45608541225631427,2.891614275999009,3,15,13
59,0.502164578428039,0.6187209241295639,0.4473990882177689,0.015094260685145855,,,,0.6537956472836808,0.6713555265653438,0,0.6537956472836808,0.6837956472836808,0.6537956472836808,0.03,0.45608541225631427,2.891614275999009,3,15,13
60,0.517569745929527,0.6261131133095366,0.4296542208380123,0.013076543807983398,,,,0.6707478878663696,0.6901497795458875,0,0.6707478878663696,0.7007478878663697,0.6707478878663696,0.03,0.45608541225631427,2.891614275999009,3,15,13
61,0.5419674404045548,0.6372921999082418,0.4112677400805026,0.01238233968615532,,,,0.6974287107069851,0.7108803340804439,0,0.6974287107069851,0.7274287107069851,0.6974287107069851,0.03,0.45608541225631427,2.891614275999009,3,15,13
62,0.5542539148455804,0.6426508137538585,0.34109225206418026,0.010496523231267929,,,,0.7107792262864568,0.725356448583776,0,0.7107792262864568,0.7407792262864569,0.7107792262864568,0.03,0.45608541225631427,2.891614275999009,3,15,13
63,0.5678322455563879,0.6474706632793346,0.31095864876757673,0.010036394000053406,,,,0.7253302749709258,0.7473815157670446,0,0.7251849320951849,0.7551849320951849,0.7251849320951849,0.03,0.45608541225631427,2.891614275999009,3,15,13
64,0.6011282469558817,0.6581714935459337,0.34296365582080074,0.00940428301692009,,,,0.7601561921644833,0.7753189298185941,0,0.7601561921644833,0.7901561921644833,0.7601561921644833,0.03,0.45608541225631427,2.891614275999009,3,15,13
65,0.6212978880918819,0.665373565827884,0.34191220517797793,0.00944846123456955,,,,0.7815682890662922,0.7934053916465178,0,0.7815682890662922,0.8115682890662922,0.7815682890662922,0.03,0.45608541225631427,2.891614275999009,3,15,13
66,0.6336611743445757,0.6697735334967334,0.25115866065275855,0.014218676835298538,,,,0.7946885241897068,0.8064478310769371,0,0.7946885241897068,0.8246885241897068,0.7946885241897068,0.03,0.45608541225631427,2.891614275999009,3,15,13
67,0.6465619668071446,0.6730835735678468,0.1799625404966441,0.01856900006532669,,,,0.8079740171076764,0.8175070375812277,0,0.8079740171076764,0.8379740171076764,0.8079740171076764,0.03,0.45608541225631427,2.891614275999009,3,15,13
68,0.6590914609520959,0.6753630748296938,0.05996254049745124,0.025223316624760628,,,,0.8146831099773528,0.8245543543845172,0,0.8146831099773528,0.8446831099773529,0.8146831099773528,0.03,0.8118416490252569,2.891614275999009,4,15,12
69,0.6688648469769332,0.6759498152632573,0.0016483238573016326,0.02892662025988102,,,,0.8246594666592384,0.8351553902930475,0,0.8244564960021901,0.8544564960021901,0.8244564960021901,0.03,0.8118416490252569,2.891614275999009,4,15,12
70,0.6808974538086887,0.675969648914126,-0.022399886980692403,0.027361774817109108,,,,0.8380073360886464,0.8448572655378744,0,0.8364891028339456,0.8664891028339456,0.8364891028339456,0.03,0.8118416490252569,2.891614275999009,4,15,12
71,0.6890126302495185,0.6757878394700771,-0.10336163539581228,0.021713970229029655,,,,0.8446042792747754,0.8555673863382118,0,0.8446042792747754,0.8746042792747755,0.8446042792747754,0.03,0.8118416490252569,2.891614275999009,4,15,12
72,0.7019051847241468,0.6744504779353213,-0.13864026482292613,0.02061658352613449,,,,0.8574968337494037,0.864422868696936,0,0.8574968337494037,0.8874968337494037,0.8574968337494037,0.03,0.8118416490252569,2.891614275999009,4,15,12
73,0.7093967222196517,0.6734051430918259,-0.22777659334317402,0.01582123339176178,,,,0.8649883712449086,0.8723157170181403,0,0.8649883712449086,0.8949883712449086,0.8649883712449086,0.03,0.8118416490252569,2.891614275999009,4,15,12
74,0.718473611842251,0.6713011266301343,-0.26909216736219865,0.015353664755821228,,,,0.8740652608675079,0.882101919512359,0,0.8740652608675079,0.9040652608675079,0.8740652608675079,0.03,0.8118416490252569,2.891614275999009,4,15,12
75,0.7280762872143243,0.6686528910887981,-0.28077574767186964,0.014889385551214218,,,,0.8831241828361447,0.8889377938289684,0,0.8836679362395812,0.9136679362395812,0.8836679362395812,0.03,0.8118416490252569,2.891614275999009,4,15,12
76,0.7351560091430925,0.6666111388912903,-0.29271391516799555,0.01449449360370636,,,,0.8907476581683494,0.8954238132822913,0,0.8907476581683494,0.9207476581683495,0.8907476581683494,0.03,0.8118416490252569,2.891614275999009,4,15,12
77,0.7386771531166656,0.6655499689881413,-0.3619153344685786,0.012294631451368332,,,,0.8942688021419225,0.9017804249454197,0,0.8942688021419225,0.9242688021419225,0.8942688021419225,0.03,0.8118416490252569,2.891614275999009,4,15,12
78,0.7479616685227292,0.6620349338157961,-0.4158170946595385,0.010925326496362686,,,,0.9003324654132814,0.9071166271916916,0,0.9035533175479861,0.9335533175479861,0.9035533175479861,0.03,0.8118416490252569,2.891614275999009,4,15,12
79,0.7525286084296297,0.6600183339929133,-0.456163083775104,0.00999525561928749,,,,0.9081202574548866,0.9142007052335789,0,0.9081202574548866,0.9381202574548866,0.9081202574548866,0.03,0.8118416490252569,2.891614275999009,4,15,12
80,0.7627752430509377,0.6549905250424272,-0.46510263658636497,0.009879067540168762,,,,0.9183668920761946,0.9264638207171815,0,0.9183668920761946,0.9483668920761946,0.9183668920761946,0.03,0.8118416490252569,2.891614275999009,4,15,12
81,0.7678731085158641,0.6524323136344529,-0.5406350599256198,0.009153448045253754,,,,0.9243416490252568,0.9326372232348713,0,0.9259307476572765,0.9559307476572765,0.9259307476572765,0.03,0.9243416490252568,2.891614275999009,5,15,11
82,0.7777144041720361,0.6465246507821484,-0.5782032786382273,0.009108372032642365,,,,0.9373483818935967,0.9443774325690122,0,0.9373483818935967,0.9673483818935967,0.9373483818935967,0.03,0.9243416490252568,2.891614275999009,5,15,11
83,0.7825177318825887,0.6433899822630779,-0.6335180251295962,0.009220115840435028,,,,0.9430718451734811,0.9506919797102009,0,0.9430718451734811,0.9730718451734811,0.9430718451734811,0.03,0.9243416490252568,2.891614275999009,5,15,11
84,0.7889412990836597,0.6386717639512266,-0.655981648450945,0.009397163987159729,,,,0.9510416299214487,0.9604033507151997,0,0.9510416299214487,0.9810416299214487,0.9510416299214487,0.03,0.9243416490252568,2.891614275999009,5,15,11
85,0.7933600295845441,0.6352707283479557,-0.7284827303502306,0.010184917598962784,,,,0.9566172356841187,0.9661299708944264,0,0.9566172356841187,0.9866172356841187,0.9566172356841187,0.03,0.9243416490252568,2.891614275999009,5,15,11
86,0.8049586106506426,0.6249226040429509,-0.7565192133452311,0.009611427783966064,,,,0.9721049751200005,0.9798985452168477,0,0.9721049751200005,1.0021049751200004,0.9721049751200004,0.03,0.9243416490252568,2.891614275999009,5,15,11
87,0.8106070766934712,0.619591310117911,-0.8128726788170698,0.006491139996796846,,,,0.9798973386444159,0.987536913806599,0,0.9798225243092873,1.0098225243092873,0.9798225243092873,0.03,0.9243416490252568,2.891614275999009,5,15,11
88,0.8132710832299436,0.6167767445835929,-0.8410498202972354,0.008458063006401062,,,,0.983642468859056,0.993124443350736,0,0.983642468859056,1.013642468859056,0.9836424688590559,0.03,0.9243416490252568,2.891614275999009,5,15,11
89,0.8189301098344286,0.6104500005083929,-0.8699624530023684,0.010223351418972015,,,,0.9954394983159417,1.0041422784066962,0,0.9919657365877641,1.0219657365877641,0.9919657365877641,0.03,0.9243416490252568,2.891614275999009,5,15,11
90,0.8236395034383734,0.6048682644336255,-0.8802145551796274,0.010763395577669144,,,,0.9990822931157803,1.0101359688222922,0,0.9990822931157803,1.0290822931157804,0.9990822931157803,0.03,0.9243416490252568,2.891614275999009,5,15,11
91,0.8289939425879616,0.5983883608904478,-0.8705092921869021,0.010333899408578873,,,,1.0122107969948122,1.0279273412097647,0,1.0072537865613576,1.0372537865613576,1.0072537865613576,0.03,0.9243416490252568,2.891614275999009,5,15,11
92,0.8407888830507719,0.5843930690303685,-0.8330231465895722,0.009312193840742111,,,,1.0299691451575457,1.0403307564394078,0,1.0250869140476535,1.0550869140476535,1.0250869140476535,0.03,0.9243416490252568,2.891614275999009,5,15,11
93,0.8481830758819451,0.5762587725178969,-0.7130231465896707,0.0068522244691848755,,,,1.0358828462200749,1.0516393137221305,0,1.0358828462200749,1.065882846220075,1.0358828462200749,0.03,0.9243416490252568,2.891614275999009,5,15,11
94,0.8623619637625497,0.5639968845747034,-0.6571367731932893,0.006496533751487732,,,,1.0545830892904746,1.0648123088749728,0,1.0545830892904746,1.0845830892904746,1.0545830892904746,0.03,0.9243416490252568,2.891614275999009,5,15,11
95,0.8697698077540896,0.5582815313438875,-0.5617819299150673,0.0064101144671440125,,,,1.0639385764221962,1.0719528206507003,0,1.0639385764221962,1.0939385764221963,1.0639385764221962,0.03,0.9243416490252568,2.891614275999009,5,15,11
96,0.8739020255670094,0.5556805702318577,-0.5142184531673487,0.0064243413507938385,,,,1.0700541626409816,1.07799668874307,0,1.0688049273397497,1.0988049273397498,1.0688049273397497,0.03,0.9243416490252568,2.891614275999009,5,15,11
97,0.8836905208090008,0.5501509496234729,-0.4419228351635702,0.007035333663225174,,,,1.0799534958983739,1.088547554335924,0,1.0799534958983739,1.1099534958983739,1.0799534958983739,0.03,0.9243416490252568,2.891614275999009,5,15,11
98,0.889602793097487,0.5473536664218566,-0.40674765749386366,0.0074644312262535095,,,,1.0863616836501326,1.0941844598119101,0,1.0863616836501326,1.1163616836501327,1.0863616836501326,0.03,0.9243416490252568,2.891614275999009,5,15,11
99,0.8997902459456153,0.5429652181201472,-0.3230092952786822,0.00915178656578064,,,,1.097144714909661,1.1043633716272272,0,1.097144714909661,1.127144714909661,1.097144714909661,0.03,0.9243416490252568,2.891614275999009,5,15,11
100,0.9067456410015573,0.5406370211907002,-0.27510428478122284,0.010298337787389755,,,,1.1041059491120828,1.111752666185204,0,1.1041059491120826,1.1341059491120826,1.1041059491120826,0.03,0.9243416490252568,2.891614275999009,5,15,11
101,0.9183543952490408,0.5373603202236046,-0.2624131935683859,0.01073399931192398,,,,1.111841649025257,1.1180409551323593,0,1.111841649025257,1.141841649025257,1.111841649025257,0.03,1.111841649025257,2.891614275999009,6,15,10
102,0.9250239142347159,0.5355688395651036,-0.14241319356986742,0.01522720605134964,,,,1.1181155632599729,1.127380820790035,0,1.1181155632599729,1.1481155632599729,1.1181155632599729,0.03,1.111841649025257,2.891614275999009,6,15,10
103,0.934575208122095,0.5341993382353688,-0.08568282025083487,0.017600394785404205,,,,1.127666857147352,1.1347441952085962,0,1.127666857147352,1.157666857147352,1.127666857147352,0.03,1.111841649025257,2.891614275999009,6,15,10
104,0.9426583404688941,0.5335050527844934,-0.062299710737825975,0.018710054457187653,,,,1.137986776334424,1.143840183180098,0,1.135749989494151,1.165749989494151,1.135749989494151,0.03,1.111841649025257,2.891614275999009,6,15,10
105,0.9474683590701757,0.5332050017250543,-0.018687497546242826,0.02089637517929077,,,,1.1405600080954328,1.148254278548504,0,1.1405600080954326,1.1705600080954326,1.1405600080954326,0.03,1.111841649025257,2.891614275999009,6,15,10
106,0.9601976169580093,0.5329670960548557,-0.00037143616921115827,0.02201056480407715,,,,1.1532892659832663,1.1608370945807749,0,1.1532892659832663,1.1832892659832663,1.1532892659832663,0.03,1.111841649025257,2.891614275999009,6,15,10
107,0.9667932532642357,0.5329646461968599,0.007437870493276093,0.021478785201907158,,,,1.1598849022894928,1.1674476585358822,0,1.1598849022894926,1.1898849022894926,1.1598849022894926,0.03,1.111841649025257,2.891614275999009,6,15,10
108,0.9797305583024943,0.5330608739707747,0.018854943261654808,0.020602427423000336,,,,1.1728222073277514,1.1788620950988482,0,1.1728222073277514,1.2028222073277515,1.1728222073277514,0.03,1.111841649025257,2.891614275999009,6,15,10
109,0.9861946672881782,0.5331827688241805,0.04774392260812799,0.01869598776102066,,,,1.1792863163134353,1.1846187113835263,0,1.179286316313435,1.209286316313435,1.179286316313435,0.03,1.111841649025257,2.891614275999009,6,15,10
110,0.9916885858395524,0.533445269531855,0.058136766390020064,0.018054157495498657,,,,1.1847802348648095,1.1905994029675273,0,1.1847802348648093,1.2147802348648093,1.1847802348648093,0.03,1.111841649025257,2.891614275999009,6,15,10
111,0.9976576642548234,0.5337926839442286,0.052028772582178494,0.01839567720890045,,,,1.1907493132800806,1.1960147932827567,0,1.1907493132800804,1.2207493132800804,1.1907493132800804,0.03,1.111841649025257,2.891614275999009,6,15,10
112,1.0034227190522356,0.5340929036156414,0.07053387583423398,0.017460696399211884,,,,1.1965143680774928,1.2017664154962204,0,1.1965143680774926,1.2265143680774926,1.1965143680774926,0.03,1.111841649025257,2.891614275999009,6,15,10
113,1.0086632947481693,0.5344631559400036,0.10297009151555742,0.015940804034471512,,,,1.2017549437734265,1.2081541753039378,0,1.2017549437734263,1.2317549437734263,1.2017549437734263,0.03,1.111841649025257,2.891614275999009,6,15,10
114,1.0160724741182674,0.5352287876893677,0.1130255562843156,0.015531439334154129,,,,1.2091641231435246,1.2140425270671364,0,1.2091641231435244,1.2391641231435244,1.2091641231435244,0.03,1.111841649025257,2.891614275999009,6,15,10
115,1.0202563957838262,0.5357037017946308,0.11517008276898053,0.015452355146408081,,,,1.2133480448090834,1.2215486190130624,0,1.2133480448090832,1.2433480448090832,1.2133480448090832,0.03,1.111841649025257,2.891614275999009,6,15,10
116,1.030546922139361,0.5368941305680011,0.14080639564236686,0.014751255512237549,,,,1.2236385711646183,1.2293596887401306,0,1.223638571164618,1.253638571164618,1.223638571164618,0.03,1.111841649025257,2.891614275999009,6,15,10
117,1.0362139377013164,0.5376973982800237,0.1980236611558017,0.01337294653058052,,,,1.2293055867265736,1.2359866719443453,0,1.2293055867265734,1.2593055867265734,1.2293055867265734,0.03,1.111841649025257,2.891614275999009,6,15,10
118,1.0428424855073049,0.5390274383213015,0.2538417189267556,0.012221284210681915,,,,1.235934134532562,1.242688024524293,0,1.2359341345325618,1.2659341345325619,1.2359341345325618,0.03,1.111841649025257,2.891614275999009,6,15,10
119,1.049947607859617,0.5408707781671592,0.28995428655216854,0.01164603978395462,,,,1.2430392568848743,1.2494412221188362,0,1.243039256884874,1.273039256884874,1.243039256884874,0.03,1.111841649025257,2.891614275999009,6,15,10
120,1.0552787639895296,0.5424613979195919,0.37249012548717164,0.01051400974392891,,,,1.2483704130147868,1.2548620183156,0,1.2483704130147866,1.2783704130147866,1.2483704130147866,0.03,1.111841649025257,2.891614275999009,6,15,10
121,1.0633259821344403,0.5456056928704386,0.4104436273084371,0.010193832218647003,,,,1.256521232115584,1.2637080870626414,0,1.2564176311596973,1.2864176311596973,1.2564176311596973,0.03,1.111841649025257,2.891614275999009,6,15,10
122,1.0680267364100753,0.5476512671628324,0.4746176316686459,0.009800732135772705,,,,1.2636037984510167,1.2710396579228282,0,1.2636037984510167,1.2936037984510167,1.2636037984510167,0.03,1.2618416490252569,2.891614275999009,7,15,9
123,1.0771358363851824,0.5523314199129197,0.5242703356655741,0.009849883615970612,,,,1.2736991700811546,1.2810615853107288,0,1.2736991700811546,1.3036991700811547,1.2736991700811546,0.03,1.2618416490252569,2.891614275999009,7,15,9
124,1.0827034712685477,0.55555088268103,0.5742282848196344,0.010084152221679688,,,,1.2800849556487133,1.2865917905213773,0,1.2800849556487133,1.3100849556487133,1.2800849556487133,0.03,1.2618416490252569,2.891614275999009,7,15,9
125,1.0891894054764542,0.5597469593420102,0.6482148970860576,0.01074942946434021,,,,1.2877913490116264,1.294580723578909,0,1.2877913490116264,1.3177913490116264,1.2877913490116264,0.03,1.2618416490252569,2.891614275999009,7,15,9
126,1.0923569108415472,0.5621460009195214,0.6851211332436296,0.011114049702882767,,,,1.2917647782502075,1.299680454425333,0,1.2917647782502075,1.3217647782502076,1.2917647782502075,0.03,1.2618416490252569,2.891614275999009,7,15,9
127,1.0992710556419745,0.567796009703003,0.7489328503871183,0.012133345007896423,,,,1.3006860993606384,1.30752383529597,0,1.3006860993606384,1.3306860993606384,1.3006860993606384,0.03,1.2618416490252569,2.891614275999009,7,15,9
128,1.102583724689628,0.57087548387689,0.780782166925628,0.012466448359191418,,,,1.3051839191030934,1.3123715193380918,0,1.3051839191030934,1.3351839191030934,1.3051839191030934,0.03,1.2618416490252569,2.891614275999009,7,15,9
129,1.1087023874399151,0.5769379183261207,0.8321167339627557,0.007813009433448315,,,,1.3137163099728615,1.321993702651744,0,1.3137163099728615,1.3437163099728615,1.3137163099728615,0.03,1.2618416490252569,2.891614275999009,7,15,9
130,1.11159505663773,0.5801143329094514,0.8700537016028069,0.009751543402671814,,,,1.3178568543879057,1.327341658788315,0,1.317936294081112,1.347936294081112,1.317936294081112,0.03,1.2618416490252569,2.891614275999009,7,15,9
131,1.1193946992329233,0.5893604505832446,0.8915397613850343,0.01103028655052185,,,,1.3297236787615425,1.3415486850544553,0,1.3297236787615425,1.3597236787615425,1.3297236787615425,0.03,1.2618416490252569,2.891614275999009,7,15,9
132,1.1231870766679586,0.5940572857109587,0.9022960341916095,0.011595763266086578,,,,1.3355756817861992,1.3464927325514124,0,1.3355756817861992,1.3655756817861993,1.3355756817861992,0.03,1.2618416490252569,2.891614275999009,7,15,9
133,1.1305871175760052,0.6034266077771101,0.8881486778779091,0.011019539088010788,,,,1.3471173077523273,1.360753229162339,0,1.3471173077523273,1.3771173077523273,1.3471173077523273,0.03,1.2618416490252569,2.891614275999009,7,15,9
134,1.1390364328029834,0.6138187326667249,0.7972226786034449,0.00826955959200859,,,,1.3601120348676787,1.3716271321976674,0,1.3601120348676787,1.3901120348676788,1.3601120348676787,0.03,1.2618416490252569,2.891614275999009,7,15,9
135,1.148642608819359,0.6236548146739267,0.7426578846617106,0.0071562305092811584,,,,1.3736986248851004,1.3854498296607947,0,1.3736986248851004,1.4036986248851004,1.3736986248851004,0.03,1.2618416490252569,2.891614275999009,7,15,9
136,1.1579974919282932,0.6322423658470817,0.7205668979727797,0.006941668689250946,,,,1.3863350620761405,1.3957763144122357,0,1.3863350620761405,1.4163350620761406,1.3863350620761405,0.03,1.2618416490252569,2.891614275999009,7,15,9
137,1.164421156675089,0.637882802029342,0.6511675028128402,0.006695989519357681,,,,1.3948582555829336,1.4043511718075194,0,1.3948582555829334,1.4248582555829334,1.3948582555829334,0.03,1.2618416490252569,2.891614275999009,7,15,9
138,1.1731178931912936,0.6445101348868342,0.6205739033256833,0.0068430230021476746,,,,1.4057920445103924,1.415074709196082,0,1.4057920445103924,1.4357920445103924,1.4057920445103924,0.03,1.2618416490252569,2.891614275999009,7,15,9
139,1.1804565712303214,0.6497556440908083,0.5160316048235991,0.007920067757368088,,,,1.4148102924639994,1.4233108455685826,0,1.4148102924639991,1.4448102924639992,1.4148102924639991,0.03,1.2618416490252569,2.891614275999009,7,15,9
140,1.1905528744313556,0.6554833213796584,0.4677646188688033,0.008782852441072464,,,,1.4263239413981366,1.433710529537199,0,1.4263239413981366,1.4563239413981366,1.4263239413981366,0.03,1.2618416490252569,2.891614275999009,7,15,9
141,1.1969861450316321,0.6587331324579214,0.34776461889491755,0.011244270950555801,,,,1.4298088691532425,1.439826474112718,0,1.4334204445253156,1.4634204445253156,1.4334204445253156,0.03,1.2618416490252569,2.891614275999009,7,15,9
142,1.2107638904674534,0.6637275282505186,0.29292155019101845,0.012904908508062363,,,,1.447439278349531,1.4562554913385546,0,1.447439278349531,1.477439278349531,1.447439278349531,0.03,1.2618416490252569,2.891614275999009,7,15,9
143,1.2184594019185315,0.6660484736243953,0.19436117959852017,0.016239605844020844,,,,1.4502686460533818,1.4627948143535972,0,1.4502686460533818,1.4802686460533818,1.4502686460533818,0.03,1.449341649025257,2.891614275999009,8,15,8
144,1.2328862971427978,0.668888352389236,0.09526068522407533,0.020447947084903717,,,,1.4649363786229497,1.4750591391285635,0,1.46493637862295,1.49493637862295,1.46493637862295,0.03,1.449341649025257,2.891614275999009,8,15,8
145,1.2411242248210037,0.6696754854383957,0.04688655899337619,0.0226714089512825,,,,1.4756275235304224,1.4844149993992994,0,1.4732083238468396,1.5032083238468397,1.4732083238468396,0.03,1.449341649025257,2.891614275999009,8,15,8
146,1.2494603739407948,0.6700666254486976,0.01566018767013702,0.0242835134267807,,,,1.4815286151427594,1.4921789293982033,0,1.4815286151427594,1.5115286151427594,1.4815286151427594,0.03,1.449341649025257,2.891614275999009,8,15,8
147,1.259198504105083,0.6702191388623687,0.01138466222937166,0.024540603160858154,,,,1.4912104632261267,1.5038867335327413,0,1.4912104632261267,1.5212104632261267,1.4912104632261267,0.03,1.449341649025257,2.891614275999009,8,15,8
148,1.2712912773354212,0.6703568169492407,-0.0005684549655217194,0.025314155966043472,,,,1.5047961574760056,1.5151502665708003,0,1.5032269314356705,1.5332269314356706,1.5032269314356705,0.03,1.449341649025257,2.891614275999009,8,15,8
149,1.2807171158213324,0.670351458783972,0.015198621462697239,0.02421676553785801,,,,1.5125793178361093,1.525495692505209,0,1.5125793178361093,1.5425793178361094,1.5125793178361093,0.03,1.449341649025257,2.891614275999009,8,15,8
150,1.29295543192368,0.6705374786413838,0.0644859081025126,0.020797889679670334,,,,1.52474620107634,1.537984962283616,0,1.52474620107634,1.55474620107634,1.52474620107634,0.03,1.449341649025257,2.891614275999009,8,15,8
151,1.3060035684366436,0.6713800678474545,0.08112684427537213,0.020450174808502197,,,,1.537798088599036,1.5506348145950943,0,1.537798088599036,1.5677980885990361,1.537798088599036,0.03,1.449341649025257,2.891614275999009,8,15,8
152,1.318881510611281,0.6724271127299637,0.06538021612474226,0.022623211145401,,,,1.5507064556506318,1.563470953095494,0,1.5507064556506318,1.5807064556506318,1.5507064556506318,0.03,1.449341649025257,2.891614275999009,8,15,8
153,1.332237202942019,0.6733015570949088,0.08181549004032054,0.02232276275753975,,,,1.5640674751533366,1.5770229310494344,0,1.5640674751533366,1.5940674751533366,1.5640674751533366,0.03,1.449341649025257,2.891614275999009,8,15,8
154,1.3459106027632082,0.6744227558026289,0.06839022035372644,0.024402642622590065,,,,1.577774354879497,1.5963218693620584,0,1.577774354879497,1.607774354879497,1.577774354879497,0.03,1.449341649025257,2.891614275999009,8,15,8
155,1.3638713965700668,0.6756530171156814,0.01446888883655989,0.028266541659832,,,,1.5949121986010373,1.6111852156053534,0,1.5957490483576986,1.6257490483576986,1.5957490483576986,0.03,1.449341649025257,2.891614275999009,8,15,8
156,1.3843638531799443,0.6759495408849394,-0.0020021606724424275,0.02890041284263134,,,,1.614802540670281,1.6270586453252962,0,1.616120038938214,1.646120038938214,1.616120038938214,0.03,1.449341649025257,2.891614275999009,8,15,8
157,1.3987984569571432,0.6759206404503172,0.005020747140377912,0.028703343123197556,,,,1.630439592267718,1.6418868410305345,0,1.6304395922677182,1.6604395922677182,1.6304395922677182,0.03,1.449341649025257,2.891614275999009,8,15,8
158,1.412988502570842,0.6759918856799025,0.007536958662538847,0.02844412252306938,,,,1.6397915768267084,1.6574459383025963,0,1.6445288974828915,1.6745288974828916,1.6445288974828915,0.03,1.449341649025257,2.891614275999009,8,15,8
159,1.439520142852462,0.676191857342482,0.12357133824658945,0.02079075574874878,,,,1.6708804605993615,1.6805301305257234,0,1.6708804605993617,1.7008804605993617,1.6708804605993617,0.03,1.449341649025257,2.891614275999009,8,15,8
160,1.4537564629055653,0.677960067756246,0.18032580069334175,0.01757807284593582,,,,1.6852261655432401,1.6922745480161345,0,1.6852261655432403,1.7152261655432404,1.6852261655432403,0.03,1.449341649025257,2.891614275999009,8,15,8
161,1.460935074414447,0.6792687726959896,0.20851384494480224,0.016112487763166428,,,,1.6907948411972922,1.6985581236714362,0,1.6925116677988825,1.7225116677988825,1.6925116677988825,0.03,1.449341649025257,2.891614275999009,8,15,8
162,1.472092130784283,0.681629486048303,0.22501569990087938,0.015420094132423401,,,,1.7038753784580132,1.709723323213768,0,1.7038753784580134,1.7338753784580134,1.7038753784580134,0.03,1.449341649025257,2.891614275999009,8,15,8
163,1.477645472795552,0.6829006010114652,0.2333757183649363,0.015110649168491364,,,,1.7095434992847083,1.7164713952883808,0,1.7095434992847083,1.7395434992847083,1.7095434992847083,0.03,1.449341649025257,2.891614275999009,8,15,8
164,1.486193761823669,0.6849325889662762,0.2978724754593756,0.013150088489055634,,,,1.7178370602173505,1.7232661734788182,0,1.7182778144577264,1.7482778144577265,1.7182778144577264,0.03,1.449341649025257,2.891614275999009,8,15,8
165,1.492725940969564,0.6869380115610041,0.3275442317614452,0.012369140982627869,,,,1.7250082933702044,1.7337426553945745,0,1.725008293370205,1.755008293370205,1.725008293370205,0.03,1.449341649025257,2.891614275999009,8,15,8
166,1.5015445166929244,0.6899344161549251,0.3679627605339729,0.011600475758314133,,,,1.7341304292131483,1.7425264133451603,0,1.7341304292131485,1.7641304292131486,1.7341304292131485,0.03,1.449341649025257,2.891614275999009,8,15,8
167,1.511494319357642,0.6937702769287646,0.39910725963036825,0.011277150362730026,,,,1.7444791782480187,1.751074259009965,0,1.7444791782480187,1.7744791782480187,1.7444791782480187,0.03,1.449341649025257,2.891614275999009,8,15,8
168,1.5164007428321908,0.6958395183144501,0.5191072596155506,0.010161973536014557,,,,1.7499913777695226,1.7570120930872846,0,1.7496043715216767,1.7796043715216767,1.7496043715216767,0.03,1.449341649025257,2.891614275999009,8,15,8
169,1.5285404013419166,0.7027758403476371,0.5742212720652549,0.010152731090784073,,,,1.7649241398685682,1.7702409664382994,0,1.7649241398685682,1.7949241398685682,1.7649241398685682,0.03,1.7516763145864527,2.891614275999009,9,15,7
170,1.5350692238020534,0.7069995986256725,0.6300712132314638,0.01040656864643097,,,,1.7726814528034989,1.7781102339255084,0,1.7726814528034989,1.802681452803499,1.7726814528034989,0.03,1.7516763145864527,2.891614275999009,9,15,7
171,1.538205839142012,0.7092868932008322,0.6709867958753168,0.010641712695360184,,,,1.7779980105534055,1.784589195622512,0,1.7765631218205615,1.8065631218205616,1.7765631218205615,0.03,1.7516763145864527,2.891614275999009,9,15,7
172,1.5441832611736745,0.7140321390587697,0.695647427105225,0.01092662662267685,,,,1.7841922069606542,1.79227486440998,0,1.7841922069606542,1.8141922069606542,1.7841922069606542,0.03,1.7516763145864527,2.891614275999009,9,15,7
173,1.5471477016513338,0.7165070763247182,0.7078630002496322,0.011102363467216492,,,,1.7922212058232172,1.8020322049595088,0,1.7880487217023506,1.8180487217023507,1.7880487217023506,0.03,1.7516763145864527,2.891614275999009,9,15,7
174,1.5580474681105314,0.7258353109624395,0.8278628550701308,0.00810143630951643,,,,1.8067119036237582,1.8163059868286007,0,1.8023654756523415,1.8323654756523415,1.8023654756523415,0.03,1.7516763145864527,2.891614275999009,9,15,7
175,1.5639364436205216,0.7322469421402035,0.9051590606027415,0.011727366596460342,,,,1.8109236347669921,1.8221781830103423,0,1.8109236347669921,1.8409236347669922,1.8109236347669921,0.03,1.7516763145864527,2.891614275999009,9,15,7
176,1.56796821056289,0.7373817898338741,0.9426476742649184,0.013958200812339783,,,,1.8229890481394389,1.832022422254408,0,1.817229956937089,1.8472299569370891,1.817229956937089,0.03,1.7516763145864527,2.891614275999009,9,15,7
177,1.5735361173023839,0.7450480943852924,0.9644426887497135,0.015010766685009003,,,,1.8262840650595351,1.8419800378885454,0,1.8262840650595351,1.8562840650595351,1.8262840650595351,0.03,1.7516763145864527,2.891614275999009,9,15,7
178,1.5823479880665228,0.7577543760457899,0.9649741944491831,0.015027888119220734,,,,1.8409573306671447,1.8521954379789909,0,1.8409573306671447,1.8709573306671448,1.8409573306671447,0.03,1.7516763145864527,2.891614275999009,9,15,7
179,1.5876818125132903,0.7654542231581767,0.8449741944492717,0.010324172675609589,,,,1.8567671611801468,1.8659792925656389,0,1.849844298491991,1.879844298491991,1.849844298491991,0.03,1.7516763145864527,2.891614275999009,9,15,7
180,1.5942073762394864,0.7728076199066107,0.7459043784910891,0.008583184331655502,,,,1.8594767875220082,1.8761519462562433,0,1.8594767875220082,1.8894767875220082,1.8594767875220082,0.03,1.7516763145864527,2.891614275999009,9,15,7
181,1.6090941926984246,0.7865626720787912,0.7019969266819698,0.009332273155450821,,,,1.879639271992467,1.8906062594404425,0,1.879639271992467,1.909639271992467,1.879639271992467,0.03,1.7516763145864527,2.891614275999009,9,15,7
182,1.616815647672713,0.7930927666400712,0.5819969267924258,0.009239450097084045,,,,1.8954355521786004,1.9036501163817023,0,1.8897344927086657,1.9197344927086657,1.8897344927086657,0.03,1.7516763145864527,2.891614275999009,9,15,7
183,1.6238151941971746,0.797698652275203,0.505701215992321,0.009412940591573715,,,,1.898370419990384,1.9089611526424375,0,1.8980976613093141,1.9280976613093141,1.8980976613093141,0.03,1.7516763145864527,2.891614275999009,9,15,7
184,1.6373848632282426,0.8052125637011568,0.47498136811380404,0.00986974686384201,,,,1.913461743389741,1.9219063602417887,0,1.913461743389741,1.943461743389741,1.913461743389741,0.03,1.7516763145864527,2.891614275999009,9,15,7
185,1.646586375136208,0.8099444278928767,0.3759618078202688,0.012010972946882248,,,,1.9236620714311452,1.9319916676014504,0,1.9236620714311452,1.9536620714311452,1.9236620714311452,0.03,1.7516763145864527,2.891614275999009,9,15,7
186,1.655474017113607,0.8134527163929819,0.3128872110471903,0.013687051832675934,,,,1.9328771581131274,1.941201567865724,0,1.9328771581131274,1.9628771581131275,1.9328771581131274,0.03,1.7516763145864527,2.891614275999009,9,15,7
187,1.6669745501870974,0.8171732990198619,0.289668760469578,0.014526236802339554,,,,1.9391763145864527,1.9475704286920807,0,1.9391763145864527,1.9691763145864527,1.9391763145864527,0.03,1.9391763145864527,2.891614275999009,10,15,6
188,1.6755977051300373,0.8197434483362314,0.20313491056838873,0.018145352602005005,,,,1.9518861674390933,1.958074274509472,0,1.94602401971649,1.97602401971649,1.94602401971649,0.03,1.9391763145864527,2.891614275999009,10,15,6
189,1.683600619079286,0.8213918553383016,0.160419673108654,0.020108111202716827,,,,1.9540269336657388,1.9639447093806153,0,1.9540269336657388,1.9840269336657388,1.9540269336657388,0.03,1.9391763145864527,2.891614275999009,10,15,6
190,1.6932969706108112,0.8229608228786615,0.14704831660932743,0.02082955092191696,,,,1.963723285197264,1.9714487270732677,0,1.963723285197264,1.993723285197264,1.963723285197264,0.03,1.9391763145864527,2.891614275999009,10,15,6
191,1.701313705734518,0.8241482412442608,0.05774918547124959,0.026062950491905212,,,,1.9717400203209707,1.979241786575266,0,1.9717400203209707,2.0017400203209705,1.9717400203209705,0.03,1.9391763145864527,2.891614275999009,10,15,6
192,1.7101647141256637,0.8246599487387389,0.016223254815798824,0.028674088418483734,,,,1.9796812249856137,1.9917923571806573,0,1.9805910287121165,2.0105910287121165,1.9805910287121165,0.03,1.9391763145864527,2.891614275999009,10,15,6
193,1.724346636320767,0.8248900458633694,0.010465858449777491,0.029108097776770592,,,,1.9944379188458732,2.001990872042848,0,1.9947729509072196,2.0247729509072196,1.9947729509072196,0.03,1.9391763145864527,2.891614275999009,10,15,6
194,1.7329034050751468,0.8249796030638227,-0.09944308351814558,0.022796738892793655,,,,1.9954577703320922,2.006001051210955,0,2.0033297196615996,2.0333297196615994,2.0033297196615996,0.03,1.9391763145864527,2.891614275999009,10,15,6
195,1.7426204930615028,0.8240101080075828,-0.15116668356627855,0.019525252282619476,,,,2.0100294066645157,2.023055968463664,0,2.0130468076479553,2.043046807647955,2.0130468076479553,0.03,1.9391763145864527,2.891614275999009,10,15,6
196,1.7690596006533221,0.8199826714840744,-0.2711666835628018,0.014137879014015198,,,,2.0267582626680345,2.0377892965633624,0,2.0394859152397746,2.0694859152397744,2.0394859152397746,0.03,1.9391763145864527,2.891614275999009,10,15,6
197,1.7847603829198129,0.8156176249724403,-0.3250370297432894,0.012315139174461365,,,,2.0551866975062656,2.063183684828309,0,2.0551866975062656,2.0851866975062654,2.0551866975062656,0.03,1.9391763145864527,2.891614275999009,10,15,6
198,1.7930815846684298,0.8128134715953331,-0.3896625195143643,0.010476689785718918,,,,2.0635078992548825,2.0702716831553456,0,2.0635078992548825,2.0935078992548823,2.0635078992548825,0.03,1.9391763145864527,2.891614275999009,10,15,6
199,1.7986310054524286,0.8105345438668464,-0.4188040183056322,0.009746164083480835,,,,2.065395388300231,2.072824139855794,0,2.069057320038881,2.099057320038881,2.069057320038881,0.03,1.9391763145864527,2.891614275999009,10,15,6
200,1.8058637744998998,0.8073149575981242,-0.4425436624160166,0.009304620325565338,,,,2.0762900890863527,2.08156366529268,0,2.0762900890863527,2.1062900890863525,2.0762900890863527,0.03,1.9391763145864527,2.891614275999009,10,15,6
201,1.809438784173595,0.8056207902403688,-0.4544106843972047,0.009119413793087006,,,,2.079865098760048,2.085698859773541,0,2.079865098760048,2.109865098760048,2.079865098760048,0.03,1.9391763145864527,2.891614275999009,10,15,6
202,1.8142876133378052,0.8032521051952266,-0.57441068439719,0.007468897849321365,,,,2.084713927924258,2.0917867860959474,0,2.084713927924258,2.114713927924258,2.084713927924258,0.03,1.9391763145864527,2.891614275999009,10,15,6
203,1.8172912580970344,0.8013081192513415,-0.6339412048543107,0.006580963730812073,,,,2.0934032996204923,2.098903298965094,0,2.0934032996204923,2.123403299620492,2.0934032996204923,0.03,2.0891763145864526,2.891614275999009,11,15,5
204,1.8187285534800328,0.8002514649048321,-0.6637055972775353,0.006121411919593811,,,,2.09486024265891,2.103729311042793,0,2.09486024265891,2.12486024265891,2.09486024265891,0.03,2.0891763145864526,2.891614275999009,11,15,5
205,1.83402080307069,0.7882920129602716,-0.7011312274027598,0.006205692887306213,,,,2.1149039644092698,2.120532614331824,0,2.111041808897978,2.141041808897978,2.111041808897978,0.03,2.0891763145864526,2.891614275999009,11,15,5
206,1.8414391280313849,0.7820292849741938,-0.7360484222072742,0.006558559834957123,,,,2.1290280370673553,2.1357645959666693,0,2.119329034668511,2.149329034668511,2.119329034668511,0.03,2.0891763145864526,2.891614275999009,11,15,5
207,1.8461128208748052,0.7777955295940558,-0.824328448749143,0.007725678384304047,,,,2.1301704356899687,2.137443159901212,0,2.124823479132603,2.154823479132603,2.124823479132603,0.03,2.0891763145864526,2.891614275999009,11,15,5
208,1.851888405150985,0.771551793205447,-0.9443284470891924,0.009670555591583252,,,,2.132573207675005,2.141969263076105,0,2.132573207675005,2.162573207675005,2.132573207675005,0.03,2.0891763145864526,2.891614275999009,11,15,5
209,1.854802671681273,0.7675249990730919,-1.0111555194612765,0.010746099054813385,,,,2.144455609435418,2.152431460549919,0,2.1373149320075084,2.1673149320075082,2.1373149320075084,0.03,2.0891763145864526,2.891614275999009,11,15,5
210,1.8603638255461874,0.7586477377483788,-1.1169699675654579,0.01304486021399498,,,,2.1474952328218713,2.1599151680521773,0,2.1474952328218713,2.177495232821871,2.1474952328218713,0.03,2.0891763145864526,2.891614275999009,11,15,5
211,1.8653284883933612,0.7484697232184552,-1.1834479389814654,0.014675402082502842,,,,2.160518671269668,2.1713739914298356,0,2.158720909454914,2.1887209094549136,2.158720909454914,0.03,2.0891763145864526,2.891614275999009,11,15,5
212,1.8690184420412483,0.7394248022248735,-1.2410298577217647,0.014119638130068779,,,,2.1684685407324884,2.181849785927555,0,2.1684685407324884,2.198468540732488,2.1684685407324884,0.03,2.0891763145864526,2.891614275999009,11,15,5
213,1.8736945227117632,0.7257625963467431,-1.3191161340496556,0.014045845717191696,,,,2.1829083538077496,2.195476099437637,0,2.1829083538077496,2.2129083538077494,2.1829083538077496,0.03,2.0891763145864526,2.891614275999009,11,15,5
214,1.8771974036023114,0.7121397294469255,-1.371291309623875,0.0138314263895154,,,,2.19527877693541,2.2096608659881256,0,2.196939848305813,2.226939848305813,2.196939848305813,0.03,2.0891763145864526,2.891614275999009,11,15,5
215,1.8804579354260984,0.6960140309074104,-1.3969955252426605,0.012250572443008423,,,,2.207761726842767,2.2216491204072564,0,2.207761726842767,2.2377617268427668,2.207761726842767,0.03,2.207761726842767,2.891614275999009,12,15,4
216,1.8830171820591055,0.6814374250829304,-1.488189503670553,0.015947844833135605,,,,2.2206089116818792,2.234193743580636,0,2.2200743017598366,2.2500743017598364,2.2200743017598366,0.03,2.207761726842767,2.891614275999009,12,15,4
217,1.8842135618604354,0.6669875625038093,-1.5373983610828785,0.018307188525795937,,,,2.2345241643389575,2.249356242785735,0,2.2345241643389575,2.2645241643389573,2.2345241643389575,0.03,2.207761726842767,2.891614275999009,12,15,4
218,1.884779658103656,0.6500438434368038,-1.554447845415878,0.01900028996169567,,,,2.2514678834059634,2.2746912015108594,0,2.2514678834059634,2.281467883405963,2.2514678834059634,0.03,2.207761726842767,2.891614275999009,12,15,4
219,1.8854260804739695,0.610507157189279,-1.657702482057891,0.013234071433544159,,,,2.291004569653488,2.3034563560161216,0,2.291004569653488,2.321004569653488,2.291004569653488,0.03,2.207761726842767,2.891614275999009,12,15,4
220,1.8836851706305195,0.5905255484653756,-1.727651789744549,0.010151402093470097,,,,2.29711592121877,2.3145922653243427,0,2.3109861783773913,2.340986178377391,2.3109861783773913,0.03,2.207761726842767,2.891614275999009,12,15,4
221,1.8809418982593678,0.5731800434230465,-1.8101775111407654,0.007558745797723532,,,,2.3139570710770427,2.3293710460597237,0,2.3283316834197203,2.35833168341972,2.3283316834197203,0.03,2.207761726842767,2.891614275999009,12,15,4
222,1.8767822903868336,0.5561367259559813,-1.8479769903328183,0.009411998093128204,,,,2.332083590686158,2.34308001702111,0,2.3453750008867855,2.3753750008867853,2.3453750008867855,0.03,2.207761726842767,2.891614275999009,12,15,4
223,1.8736517753005568,0.5451333254588918,-1.8614685773473494,0.009044748730957508,,,,2.350708342132894,2.357607237634194,0,2.3563784013838753,2.386378401383875,2.3563784013838753,0.03,2.207761726842767,2.891614275999009,12,15,4
224,1.8704476958371425,0.5344225365522588,-1.8454538276905406,0.00679318280890584,,,,2.353976966770838,2.3645781339814027,0,2.3670891902905082,2.397089190290508,2.3670891902905082,0.03,2.207761726842767,2.891614275999009,12,15,4
225,1.8689358152122966,0.529057050713073,-1.7254538276910016,0.012919842265546322,,,,2.35554541844896,2.368592964765362,0,2.372454676129694,2.4024546761296937,2.372454676129694,0.03,2.207761726842767,2.891614275999009,12,15,4
226,1.8673086479435481,0.5186199677951816,-1.6337856951999175,0.017855703830718994,,,,2.372969536323416,2.383878374619992,0,2.3828917590475855,2.4128917590475853,2.3828917590475855,0.03,2.207761726842767,2.891614275999009,12,15,4
227,1.8663231720460134,0.5029955500089986,-1.5947414709446543,0.020035281777381897,,,,2.393693804981504,2.4003280705344645,0,2.3985161768337684,2.428516176833768,2.3985161768337684,0.03,2.207761726842767,2.891614275999009,12,15,4
228,1.8661305775355947,0.4949539321132355,-1.5757919563649296,0.020905233919620514,,,,2.3958211778607335,2.4052200120666365,0,2.4065577947295314,2.436557794729531,2.4065577947295314,0.03,2.207761726842767,2.891614275999009,12,15,4
229,1.8660830436879177,0.4854389247278955,-1.5816813399165002,0.02069341391324997,,,,2.4129174915896394,2.41926144399532,0,2.4160728021148716,2.4460728021148714,2.4160728021148716,0.03,2.207761726842767,2.891614275999009,12,15,4
230,1.8660313366755632,0.4806888183552249,-1.6934813117700813,0.016779392957687378,,,,2.4129174915896394,2.4216743965268246,0,2.4208229084875423,2.450822908487542,2.4208229084875423,0.03,2.207761726842767,2.891614275999009,12,15,4
231,1.8651617175570614,0.473636189382906,-1.7479087515584286,0.014978062361478806,,,,2.427875537459861,2.434410581740161,0,2.427875537459861,2.4578755374598606,2.427875537459861,0.03,2.207761726842767,2.891614275999009,12,15,4
232,1.8638258817118796,0.4661729146389697,-1.8082813435142318,0.013229720294475555,,,,2.430013805318546,2.439662820936798,0,2.4353388122037973,2.465338812203797,2.4353388122037973,0.03,2.207761726842767,2.891614275999009,12,15,4
233,1.8612371719867478,0.4554780977960397,-1.831184401523713,0.01276254653930664,,,,2.4460336290467275,2.4532644710177873,0,2.4460336290467275,2.4760336290467273,2.4460336290467275,0.03,2.207761726842767,2.891614275999009,12,15,4
234,1.8595707038742912,0.4492234584380458,-1.916038516886849,0.011318523436784744,,,,2.4522882684047214,2.4592639475814364,0,2.4522882684047214,2.482288268404721,2.4522882684047214,0.03,2.207761726842767,2.891614275999009,12,15,4
235,1.8559436396037545,0.439138363852306,-1.9575260411127904,0.010908730328083038,,,,2.462373362990461,2.472157227010061,0,2.462373362990461,2.492373362990461,2.462373362990461,0.03,2.207761726842767,2.891614275999009,12,15,4
236,1.8537348305072918,0.43371447526106316,-2.0775260411127463,0.009886063635349274,,,,2.467797251581704,2.478530637041785,0,2.467797251581704,2.4977972515817037,2.467797251581704,0.03,2.207761726842767,2.891614275999009,12,15,4
237,1.8482348593824947,0.4238059213838969,-2.133729796502889,0.00977092981338501,,,,2.4810260741061527,2.489124874108649,0,2.4810260741061527,2.5110260741061525,2.4810260741061527,0.03,2.470261726842767,2.891614275999009,13,15,3
238,1.845212626810527,0.4190166602167271,-2.1812287592442914,0.009807556867599487,,,,2.4866708225830694,2.4948947756668396,0,2.4866708225830694,2.516670822583069,2.4866708225830694,0.03,2.470261726842767,2.891614275999009,13,15,3
239,1.8407689245433045,0.41266454611149866,-2.2335144948860193,0.010110199451446533,,,,2.4944187352275855,2.50465560903552,0,2.4944187352275855,2.5244187352275853,2.4944187352275855,0.03,2.470261726842767,2.891614275999009,13,15,3
240,1.8383884406138298,0.4096144797678595,-2.2669285316322934,0.010353963822126389,,,,2.501863168029485,2.511407671882628,0,2.498287078660182,2.5282870786601817,2.498287078660182,0.03,2.470261726842767,2.891614275999009,13,15,3
241,1.8307780750296458,0.40050788212685456,-2.301522570174822,0.010951757431030273,,,,2.5123969817583913,2.5200852546493695,0,2.510138576123496,2.540138576123496,2.510138576123496,0.03,2.470261726842767,2.891614275999009,13,15,3
242,1.8268283804237972,0.39610085367577863,-2.4215225701741385,0.012813849374651909,,,,2.5229307954872975,2.533059880473025,0,2.516034015647866,2.546034015647866,2.516034015647866,0.03,2.470261726842767,2.891614275999009,13,15,3
243,1.8167522900772382,0.38726218881544994,-2.479747171888767,0.013542018830776215,,,,2.533464609216203,2.543321852759761,0,2.5291506017440644,2.559150601744064,2.5291506017440644,0.03,2.470261726842767,2.891614275999009,13,15,3
244,1.8114499272916962,0.3831312969521651,-2.508834673274232,0.015265870839357376,,,,2.5439984229451094,2.5534733287926334,0,2.5356367329060174,2.5656367329060172,2.5356367329060174,0.03,2.470261726842767,2.891614275999009,13,15,3
245,1.8021336716946574,0.37629924516133956,-2.51720946844805,0.015656009316444397,,,,2.5545322366740155,2.569496953334116,0,2.546692127696901,2.5766921276969006,2.546692127696901,0.03,2.470261726842767,2.891614275999009,13,15,3
246,1.7869719573173846,0.3653745178594205,-2.4751442292256707,0.013463597744703293,,,,2.5650660504029217,2.580359011690243,0,2.5645289381647998,2.5945289381647996,2.5645289381647998,0.03,2.470261726842767,2.891614275999009,13,15,3
247,1.7718474964694029,0.35347928685898145,-2.355144229225713,0.011645655147731304,,,,2.5861336778607336,2.597610378058511,0,2.5831197994739403,2.61311979947394,2.5831197994739403,0.03,2.470261726842767,2.891614275999009,13,15,3
248,1.7633714682415642,0.3449854358227902,-2.2538300037339325,0.011803805828094482,,,,2.5966674915896397,2.6079163089745143,0,2.5950004972395964,2.625000497239596,2.5950004972395964,0.03,2.470261726842767,2.891614275999009,13,15,3
249,1.7545728084248884,0.3341721696802133,-2.1680190859126016,0.011780425906181335,,,,2.6089303060436633,2.6179511956836476,0,2.6089303060436633,2.638930306043663,2.6089303060436633,0.03,2.470261726842767,2.891614275999009,13,15,3
250,1.750422407410749,0.32806924386647895,-2.085994702000845,0.011972092092037201,,,,2.6177351190474516,2.6269011308623824,0,2.6163028873031346,2.6463028873031345,2.6163028873031346,0.03,2.470261726842767,2.891614275999009,13,15,3
251,1.7455605465420643,0.31948247149149833,-2.0085885779162815,0.012564647942781448,,,,2.6282689327763578,2.6377198893615006,0,2.62608942172433,2.65608942172433,2.62608942172433,0.03,2.470261726842767,2.891614275999009,13,15,3
252,1.7390803103505397,0.30563836469947825,-1.9781896339482261,0.013167798519134521,,,,2.6410528488728606,2.654195457376598,0,2.6410528488728606,2.6710528488728604,2.6410528488728606,0.03,2.470261726842767,2.891614275999009,13,15,3
253,1.7360560960514126,0.29863033494736124,-1.8581896339482324,0.015933029353618622,,,,2.6484738012540303,2.662848787250541,0,2.6484738012540303,2.67847380125403,2.6484738012540303,0.03,2.470261726842767,2.891614275999009,13,15,3
254,1.7310011928568214,0.2815284716937826,-1.8044116292034404,0.0178484246134758,,,,2.663608040571673,2.673309576194929,0,2.657761726842767,2.687761726842767,2.657761726842767,0.03,2.657761726842767,2.891614275999009,14,15,2
255,1.728937030433643,0.2728540666223215,-1.7554563334557263,0.01987043023109436,,,,2.669454354300579,2.6810250475480326,0,2.6661576602204455,2.6961576602204453,2.6661576602204455,0.03,2.657761726842767,2.891614275999009,14,15,2
256,1.726734368857073,0.2610617565479017,-1.6628505126061959,0.024375975131988525,,,,2.6811469817583915,2.691788037258526,0,2.6779499702948653,2.707949970294865,2.6779499702948653,0.03,2.657761726842767,2.891614275999009,14,15,2
257,1.7254402755900529,0.2470435365351677,-1.6239139874840054,0.026521798223257065,,,,2.6919681903075996,2.701562255865574,0,2.6919681903075996,2.7219681903075994,2.6919681903075996,0.03,2.657761726842767,2.891614275999009,14,15,2
258,1.7248522362134666,0.23598344434279078,-1.6067320515794523,0.02718668431043625,,,,2.7030282824999765,2.710477966937664,0,2.7030282824999765,2.7330282824999763,2.7030282824999765,0.03,2.657761726842767,2.891614275999009,14,15,2
259,1.724475303669401,0.225498883966342,-1.5508454549408497,0.02798803709447384,,,,2.7103785504029214,2.719221798110063,0,2.7135128428764252,2.743512842876425,2.7135128428764252,0.03,2.657761726842767,2.891614275999009,14,15,2
260,1.7246805802677456,0.21521114500385172,-1.5300477282259797,0.02666262350976467,,,,2.716224864131828,2.7263595049699147,0,2.7238005818389155,2.7538005818389153,2.7238005818389155,0.03,2.657761726842767,2.891614275999009,14,15,2
261,1.7252810302409984,0.20048382630272205,-1.4763347935692344,0.023407548666000366,,,,2.733763805318546,2.7407684560288508,0,2.738527900540045,2.768527900540045,2.738527900540045,0.03,2.657761726842767,2.891614275999009,14,15,2
262,1.7260849239654323,0.19199887766144338,-1.4304801058136616,0.02103802002966404,,,,2.7396101190474518,2.7455731873916966,0,2.7470128491813237,2.7770128491813235,2.7470128491813237,0.03,2.657761726842767,2.891614275999009,14,15,2
263,1.7268921349099862,0.18628388374788726,-1.382783750171048,0.018667127937078476,,,,2.7454564327763578,2.75025678543143,0,2.75272784309488,2.7827278430948796,2.75272784309488,0.03,2.657761726842767,2.891614275999009,14,15,2
264,1.727799889258787,0.18151275042107565,-1.3566989132562308,0.01789240911602974,,,,2.7513027465052637,2.757658815778937,0,2.7574989764216915,2.7874989764216913,2.7574989764216915,0.03,2.657761726842767,2.891614275999009,14,15,2
265,1.7293214630772986,0.17451474911078646,-1.3527451989353796,0.01870165765285492,,,,2.75714906023417,2.7630090243941607,0,2.7644969777319806,2.7944969777319804,2.7644969777319806,0.03,2.657761726842767,2.891614275999009,14,15,2
266,1.7306330193321096,0.16859547901622451,-1.3049119608632047,0.01704321801662445,,,,2.762995373963076,2.768618554338209,0,2.7704162478265424,2.800416247826542,2.7704162478265424,0.03,2.657761726842767,2.891614275999009,14,15,2
267,1.73183123084327,0.16419566454026466,-1.2696585013794877,0.01589060202240944,,,,2.768841687691982,2.7749414093335125,0,2.774816062302502,2.804816062302502,2.774816062302502,0.03,2.657761726842767,2.891614275999009,14,15,2
268,1.7340116153547893,0.15717537765731418,-1.2371362142351863,0.014999084174633026,,,,2.774688001420888,2.780914566489119,0,2.7818363491854528,2.8118363491854526,2.7818363491854528,0.03,2.657761726842767,2.891614275999009,14,15,2
269,1.735626621436866,0.152516072980564,-1.1885377379330084,0.013788655400276184,,,,2.780534315149794,2.786317976520863,0,2.786495653862203,2.816495653862203,2.786495653862203,0.03,2.657761726842767,2.891614275999009,14,15,2
270,1.7380182089015703,0.1465673534580217,-1.1520939512158312,0.013023268431425095,,,,2.792226942607606,2.7952592031731314,0,2.7924443733847455,2.8224443733847453,2.7924443733847455,0.03,2.657761726842767,2.891614275999009,14,15,2
271,1.7393221154756409,0.14363733852828503,-1.0988938582149377,0.011938448995351791,,,,2.792226942607606,2.7968168274702983,0,2.795374388314482,2.825374388314482,2.795374388314482,0.03,2.657761726842767,2.891614275999009,14,15,2
272,1.7416862066069083,0.13900514982114456,-1.0713275476012973,0.011456038802862167,,,,2.8000065770216223,2.803354760093903,0,2.8000065770216223,2.830006577021622,2.8000065770216223,0.03,2.657761726842767,2.891614275999009,14,15,2
273,1.7432013185014459,0.13622825100445535,-1.0223936308562172,0.010649092495441437,,,,2.8027834758383117,2.806216696565977,0,2.8027834758383117,2.8327834758383115,2.8027834758383117,0.03,2.657761726842767,2.891614275999009,14,15,2
274,1.7453214755048645,0.1327577589954702,-0.999478305647604,0.010318495333194733,,,,2.806253967847297,2.809533676839767,0,2.806253967847297,2.8362539678472967,2.806253967847297,0.03,2.657761726842767,2.891614275999009,14,15,2
275,1.7464932625013363,0.13093490124554064,-0.9548889350714597,0.00968874990940094,,,,2.809858040571673,2.8132424358764845,0,2.810356291862932,2.840356291862932,2.810356291862932,0.03,2.807761726842767,2.891614275999009,15,15,1
276,1.7489419542283604,0.1274750680880475,-0.9275349145548739,0.009364426136016846,,,,2.8140937527521515,2.8169842103032745,0,2.8140937527521515,2.8440937527521513,2.8140937527521515,0.03,2.807761726842767,2.891614275999009,15,15,1
277,1.750292339634499,0.1256736548070455,-0.8863365246454433,0.008891981095075607,,,,2.8161469817583913,2.8191849383057623,0,2.8161071906881094,2.8461071906881092,2.8161071906881094,0.03,2.807761726842767,2.891614275999009,15,15,1
278,1.7523118272341032,0.12319898766834263,-0.8627311006725529,0.008655384182929993,,,,2.8203396092162034,2.8227253834532164,0,2.8190201800978474,2.849020180097847,2.8190201800978474,0.03,2.807761726842767,2.891614275999009,15,15,1
279,1.7535600122776565,0.12174111724034758,-0.8270135561171506,0.008309125900268555,,,,2.8224359229451093,2.8251775669783243,0,2.8207885702160778,2.8507885702160776,2.8207885702160778,0.03,2.807761726842767,2.891614275999009,15,15,1
280,1.7556593910385283,0.11945930830751737,-0.8011713002318611,0.008096396923065186,,,,2.8266285504029214,2.8286483215421243,0,2.8236867676411044,2.853686767641104,2.8236867676411044,0.03,2.807761726842767,2.891614275999009,15,15,1
281,1.7571589937036103,0.11791163658000597,-0.7712726248606363,0.007870353758335114,,,,2.8287248641318277,2.830978822111246,0,2.8257201928783635,2.8557201928783633,2.8257201928783635,0.03,2.807761726842767,2.891614275999009,15,15,1
282,1.759095902872845,0.11602868854000302,-0.7444727150085122,0.007699973881244659,,,,2.8308211778607335,2.833028367378952,0,2.8282946970689333,2.858294697068933,2.8282946970689333,0.03,2.807761726842767,2.891614275999009,15,15,1
283,1.7607369573072658,0.11451674408857844,-0.7156111659862013,0.007538575679063797,,,,2.83291749158964,2.835111963396363,0,2.830438662891308,2.860438662891308,2.830438662891308,0.03,2.807761726842767,2.891614275999009,15,15,1
284,1.7624115841920158,0.11306093619552889,-0.6855003613586219,0.007390324026346207,,,,2.8350138053185456,2.8371573906620475,0,2.832587551794016,2.862587551794016,2.832587551794016,0.03,2.807761726842767,2.891614275999009,15,15,1
285,1.7640524743230377,0.1117190173249279,-0.6559631300258051,0.00726134330034256,,,,2.837110119047452,2.8392008387982077,0,2.834655332907636,2.8646553329076356,2.834655332907636,0.03,2.807761726842767,2.891614275999009,15,15,1
286,1.7657053017115856,0.11044690773911761,-0.6281151689033775,0.007156074047088623,,,,2.8392064327763578,2.8412372940487263,0,2.8367025713677227,2.8667025713677226,2.8367025713677227,0.03,2.807761726842767,2.891614275999009,15,15,1
287,1.7673780368507368,0.10923211417986718,-0.6021815903003894,0.007075276225805283,,,,2.841302746505264,2.843258489603215,0,2.8387419833549434,2.8687419833549432,2.8387419833549434,0.03,2.807761726842767,2.891614275999009,15,15,1
288,1.7690615921736421,0.10807493207656582,-0.5780318271578969,0.0070179179310798645,,,,2.84339906023417,2.8452652869458404,0,2.840765308582368,2.8707653085823677,2.840765308582368,0.03,2.807761726842767,2.891614275999009,15,15,1
289,1.7707498782543043,0.10697356334714905,-0.5555430954339797,0.006982475519180298,,,,2.845495373963076,2.847258670885572,0,2.8427679046285528,2.8727679046285526,2.8427679046285528,0.03,2.807761726842767,2.891614275999009,15,15,1
290,1.7724386331530433,0.10592525517677358,-0.5345891328934571,0.0069674961268901825,,,,2.847591687691982,2.849239627963241,0,2.8447471905949846,2.8747471905949844,2.8447471905949846,0.03,2.807761726842767,2.891614275999009,15,15,1
291,1.774125099688072,0.10492670128783425,-0.5150496682113239,0.006971254944801331,,,,2.849688001420888,2.8512090647061132,0,2.846702178995599,2.8767021789955987,2.846702178995599,0.03,2.807761726842767,2.891614275999009,15,15,1
292,1.7758075123138497,0.1039744436777465,-0.49681288909151045,0.006992105394601822,,,,2.849688001420888,2.851688335868792,0,2.8486328371442253,2.878632837144225,2.8486328371442253,0.03,2.807761726842767,2.891614275999009,15,15,1
293,1.777265638365404,0.10318388947009592,-0.47984388843543213,0.007024101912975311,,,,2.851784315149794,2.853557366371541,0,2.850290571322282,2.880290571322282,2.850290571322282,0.03,2.807761726842767,2.891614275999009,15,15,1
294,1.7787374020327555,0.10241796535335387,-0.46405841405845066,0.007066622376441956,,,,2.8538806288787,2.855445360984101,0,2.8519494884432155,2.8819494884432153,2.8519494884432155,0.03,2.807761726842767,2.891614275999009,15,15,1
295,1.7802320068470456,0.10166989529946792,-0.44926357898800884,0.007119469344615936,,,,2.8559769426076063,2.8573360890729185,0,2.8536208507274,2.8836208507273997,2.8536208507274,0.03,2.807761726842767,2.891614275999009,15,15,1
296,1.7817477406467357,0.10093908859912507,-0.43537826601050944,0.007182002067565918,,,,2.8559769426076063,2.857748703176522,0,2.8553033909442362,2.885303390944236,2.8553033909442362,0.03,2.807761726842767,2.891614275999009,15,15,1
297,1.7830533591302036,0.1003317845005901,-0.4223899105304329,0.007250066846609116,,,,2.858073256336512,2.859559200901117,0,2.8567427662663896,2.8867427662663894,2.8567427662663896,0.03,2.807761726842767,2.891614275999009,15,15,1
298,1.784393440579044,0.09972949542955324,-0.41022668266266105,0.007323741912841797,,,,2.8601695700654184,2.8613955390116215,0,2.858210723413376,2.888210723413376,2.858210723413376,0.03,2.807761726842767,2.891614275999009,15,15,1
299,1.785775609443269,0.09912838917440271,-0.39878180316724376,0.007403194904327393,,,,2.8601695700654184,2.861763720463924,0,2.8597157957177357,2.8897157957177355,2.8597157957177357,0.03,2.807761726842767,2.891614275999009,15,15,1
300,1.786963380385371,0.0986279123825601,-0.3880321661988874,0.007485486567020416,,,,2.8622658837943242,2.863535894545028,0,2.8610019903705752,2.891001990370575,2.8610019903705752,0.03,2.807761726842767,2.891614275999009,15,15,1
301,1.788203387386607,0.09812105153478227,-0.37793986016423986,0.0075707100331783295,,,,2.8643621975232305,2.86533913618905,0,2.862337761411664,2.891614275999009,2.8616142759990093,0.03,2.807761726842767,2.891614275999009,15,15,1
302,1.7895017149756915,0.09760558187203867,-0.3683962143734843,0.00765971839427948,,,,2.8643621975232305,2.865679488653554,0,2.863729545951413,2.891614275999009,2.8616142759990093,0.03,2.807761726842767,2.891614275999009,15,15,1
303,1.7906158023560275,0.09717552269546642,-0.3594051733032677,0.007749892771244049,,,,2.8664585112521364,2.8674274119227574,0,2.864918344308168,2.891614275999009,2.8616142759990093,0.03,2.807761726842767,2.891614275999009,15,15,1
304,1.7917938474875197,0.09673290298150222,-0.35093801193096846,0.007841601967811584,,,,2.8664585112521364,2.867732682153893,0,2.866169965459721,2.891614275999009,2.8616142759990093,0.03,2.807761726842767,2.891614275999009,15,15,1
305,1.7928028953464499,0.09636349877669986,-0.3429487877490939,0.00793321430683136,,,,2.8685548249810426,2.8694521734954357,0,2.867237687884391,2.891614275999009,2.8616142759990093,0.03,2.807761726842767,2.891614275999009,15,15,1
306,1.7938926180432955,0.09597440443821256,-0.3354029084321587,0.0080253966152668,,,,2.8685548249810426,2.8697338663244802,0,2.8683863737732027,2.891614275999009,2.8616142759990093,0.03,2.807761726842767,2.891614275999009,15,15,1
307,1.794826557248447,0.09564885852752772,-0.3282657113491877,0.008116886019706726,,,,2.8706511387099485,2.8714333754512835,0,2.869367302950249,2.891614275999009,2.8616142759990093,0.03,2.807761726842767,2.891614275999009,15,15,1
308,1.7958536705158146,0.09529903581219426,-0.32151835080491176,0.00820818543434143,,,,2.8706511387099485,2.871698442502394,0,2.8704424264591313,2.891614275999009,2.8616142759990093,0.03,2.807761726842767,2.891614275999009,15,15,1
309,1.7967346509500925,0.09500560294631524,-0.3150889927808799,0.008298870176076889,,,,2.871361626481276,2.8724077903731504,0,2.871361626481276,2.891614275999009,2.8616142759990093,0.03,2.807761726842767,2.891614275999009,15,15,1
310,1.7975583765182304,0.09473711133668561,-0.3089961554030944,0.008388075977563858,,,,2.8727474524388548,2.87358388893904,0,2.8722184621254443,2.891614275999009,2.8616142759990093,0.03,2.807761726842767,2.891614275999009,15,15,1
311,1.7984153918225716,0.09446353404418387,-0.30325126274426906,0.00847555324435234,,,,2.873107347401377,2.874053164672659,0,2.873107347401377,2.891614275999009,2.8616142759990093,0.03,2.807761726842767,2.891614275999009,15,15,1
312,1.7991889345490362,0.0942214908069256,-0.2977929955005375,0.008561450988054276,,,,2.8739074700757277,2.8748020507510423,0,2.8739074700757277,2.891614275999009,2.8616142759990093,0.03,2.807761726842767,2.891614275999009,15,15,1
313,1.7999352070976682,0.09399244505636734,-0.2925991600699756,0.008645769208669662,,,,2.8748437661677606,2.8756436118285946,0,2.8746773889087622,2.891614275999009,2.8616142759990093,0.03,2.807761726842767,2.891614275999009,15,15,1
314,1.8006770249021609,0.09376897570237183,-0.2876505961816385,0.008728571236133575,,,,2.8754408294571525,2.8762468908226877,0,2.8754408294571525,2.891614275999009,2.8616142759990093,0.03,2.807761726842767,2.891614275999009,15,15,1
315,1.8013774893782881,0.09356173911531022,-0.28292622321385547,0.008809853345155716,,,,2.8761600229501494,2.8769226811600226,0,2.8761600229501494,2.891614275999009,2.8616142759990093,0.03,2.807761726842767,2.891614275999009,15,15,1
316,1.802054654268716,0.09336487022511436,-0.27841745232713666,0.00888950377702713,,,,2.876940079896667,2.8776364236141707,0,2.8768537400851653,2.891614275999009,2.8616142759990093,0.03,2.807761726842767,2.891614275999009,15,15,1
317,1.8027198555599198,0.09317472795778887,-0.2741649603817839,0.008966557681560516,,,,2.877533748414533,2.8782168393300687,0,2.877533748414533,2.891614275999009,2.8616142759990093,0.03,2.807761726842767,2.891614275999009,15,15,1
318,1.8033542812057195,0.09299629745008985,-0.2701088471318879,0.00904180109500885,,,,2.878180992511699,2.878825587186264,0,2.878180992511699,2.891614275999009,2.8616142759990093,0.03,2.807761726842767,2.891614275999009,15,15,1
319,1.8039674822304372,0.09282651721788356,-0.2662382388771531,0.009115248918533325,,,,2.8790363936255727,2.8795760883651114,0,2.8788053842098456,2.891614275999009,2.8616142759990093,0.03,2.807761726842767,2.891614275999009,15,15,1
320,1.8045874577511705,0.09265744218379868,-0.26254413188133524,0.009186957031488419,,,,2.879435519827246,2.8800091103961893,0,2.879435519827246,2.891614275999009,2.8616142759990093,0.03,2.807761726842767,2.891614275999009,15,15,1
321,1.8051617397040642,0.09250310530664665,-0.25902180217515586,0.009256746619939804,,,,2.880018194770964,2.8805558745980897,0,2.880018194770964,2.891614275999009,2.8616142759990093,0.03,2.807761726842767,2.891614275999009,15,15,1
322,1.8057153484971686,0.09235641315357444,-0.2556560589455027,0.009324729442596436,,,,2.8805789602539003,2.8810837338747883,0,2.8805789602539003,2.891614275999009,2.8616142759990093,0.03,2.807761726842767,2.891614275999009,15,15,1
323,1.8062501560261601,0.0922166275519062,-0.2524301630636417,0.009391073137521744,,,,2.881132707354479,2.8816021474022775,0,2.881119820671303,2.891614275999009,2.8616142759990093,0.03,2.807761726842767,2.891614275999009,15,15,1
324,1.8067683982171283,0.0920829562334721,-0.24932966106565022,0.00945599377155304,,,,2.8816431302093606,2.8820859002041916,0,2.8816431302093606,2.891614275999009,2.8616142759990093,0.03,2.807761726842767,2.891614275999009,15,15,1
325,1.807267312746072,0.09195591862548588,-0.24645673498148196,0.009517155587673187,,,,2.882146185875464,2.8825599286487806,0,2.882146185875464,2.891614275999009,2.8616142759990093,0.03,2.807761726842767,2.891614275999009,15,15,1
326,1.8077496484262878,0.09183457694015425,-0.24362212268221184,0.009578466415405273,,,,2.8826318656744196,2.8830171197712016,0,2.8826318656744196,2.891614275999009,2.8616142759990093,0.03,2.807761726842767,2.891614275999009,15,15,1
327,1.8082149129183516,0.09171893118718576,-0.24098892009420042,0.009636282920837402,,,,2.8830997292401173,2.8834579487503085,0,2.8830997292401173,2.891614275999009,2.8616142759990093,0.03,2.807761726842767,2.891614275999009,15,15,1
328,1.8086642771049357,0.09160849315311394,-0.23851360278365247,0.009691428393125534,,,,2.883229021083385,2.8836565313874374,0,2.883551042177557,2.891614275999009,2.8616142759990093,0.03,2.807761726842767,2.891614275999009,15,15,1
