timestep,time,x,y,theta,v,omega,controller_computation_time,solver_computation_time,solver_raw_status,solver_status_code,solver_success
0,0.1,0.075,0.7826598772790299,-1.5707963218488885,0.1234012272097012,4.9460081569229484e-08,2.802486602999579,0.16315579414367676,success,0,True
1,0.2,0.07500000005655971,0.7712244507982742,-1.561998646313414,0.11435426480755638,0.08797675535474506,0.15234250000003158,0.14638113975524902,success,0,True
2,0.30000000000000004,0.07510305599111672,0.7595107637707457,-1.5535106936511618,0.11714140357044393,0.08487952662252204,0.15155120000008537,0.1456894874572754,success,0,True
3,0.4,0.07535498071855867,0.7449379891594258,-1.5647983376494008,0.14574952004745184,-0.11287643998239075,0.1442175010001847,0.1380171775817871,success,0,True
4,0.5,0.0754570203659548,0.7279258837249476,-1.5318686353303734,0.17012411451744364,0.3292970231902742,0.1386225999999624,0.13312363624572754,success,0,True
5,0.6000000000000001,0.07593428062595475,0.7156719035074739,-1.5235446999659168,0.12263270710785615,0.08323935364456547,0.1549763999996685,0.14666509628295898,success,0,True
6,0.7000000000000001,0.07662494089573987,0.7010661380885713,-1.547435050028244,0.14622085866259688,-0.23890350062327365,0.15162420000024213,0.14549636840820312,success,0,True
7,0.8,0.07702286771132964,0.6840356295461993,-1.5306350478149575,0.17035156793008074,0.16800002213286525,0.14127709999957005,0.13531255722045898,success,0,True
8,0.9,0.07746583864433919,0.6730117588299444,-1.520734160966082,0.11032767051660013,0.09900886848875502,0.1434076999998979,0.1376185417175293,success,0,True
9,1.0,0.07828029229720876,0.6567565064741008,-1.486388533068638,0.1627564327161392,0.3434562789744414,0.2741042010002275,0.26810455322265625,success,0,True
10,1.1,0.07899656040695131,0.6482908635474917,-1.4358722606853371,0.08495890192668502,0.505162723833007,0.41880189999983486,0.4125556945800781,success,0,True
11,1.2000000000000002,0.0805720174176459,0.6366851856608599,-1.4215224303548457,0.1171212295020854,0.14349830330491464,0.2793546000002607,0.2717738151550293,success,0,True
12,1.3,0.08170382908001537,0.6291594723958434,-1.370852913818986,0.07610345444611627,0.5066951653585963,0.27087620100019194,0.26471924781799316,success,0,True
13,1.4000000000000001,0.08369493583767125,0.6193341789599359,-1.3401501759295904,0.10025013577151383,0.3070273788939566,0.27594679999992877,0.2697896957397461,success,0,True
14,1.5,0.08554592682557138,0.6114517530296381,-1.3115091326617345,0.08096839271216916,0.286410432678558,0.26384719999987283,0.2574477195739746,success,0,True
15,1.6,0.08658187465278837,0.6075463246517536,-1.2811195565355524,0.04040489910332727,0.3038957612618206,0.41837200100007976,0.41245317459106445,success,0,True
16,1.7000000000000002,0.08958172972258252,0.5974817505837521,-1.2001075648769444,0.10502132241124157,0.8101199165860805,0.26089160000037737,0.25452542304992676,success,0,True
17,1.8,0.09201365008295993,0.5912244898785315,-1.1048021912420547,0.06713236788041678,0.9530537363488959,0.26312640000014653,0.2571146488189697,success,0,True
18,1.9000000000000001,0.09489967695180987,0.5854861387280459,-1.0597756521219024,0.06423225436959462,0.4502653912015221,0.27273850099982155,0.26683473587036133,success,0,True
19,2.0,0.0988921540299559,0.5783656097691181,-0.9577071062459268,0.08163443260931633,1.0206854587597556,0.2739707000000635,0.2682836055755615,success,0,True
20,2.1,0.10463649270108252,0.5702005529746542,-0.8462665660355014,0.09983264958189852,1.1144054021042535,0.3956207009996433,0.3897433280944824,success,0,True
21,2.2,0.1083189327498551,0.5660401405904594,-0.7691573287390897,0.055560233908224343,0.7710923729641168,0.39925970099966435,0.39354586601257324,success,0,True
22,2.3000000000000003,0.11573837524160069,0.55885786307142,-0.6709314824361409,0.10326337068332483,0.9822584630294879,0.2781562010000016,0.27228307723999023,success,0,True
23,2.4000000000000004,0.12297997922796435,0.5531096846632957,-0.5691197895906158,0.09245668353718162,1.0181169284552507,0.14511110000012195,0.13832950592041016,success,0,True
24,2.5,0.13200583830033608,0.5473355951710638,-0.4814337886484244,0.10714767447715237,0.876860009421914,0.14943950099996073,0.1427149772644043,success,0,True
25,2.6,0.14155181151436394,0.5423484484421978,-0.4057365385217571,0.10770201349008113,0.7569725012666727,0.13948519999985365,0.13387513160705566,success,0,True
26,2.7,0.15225792475560235,0.5377494051579698,-0.3245551847376187,0.11652126838668657,0.8118135378413844,0.13811290000012377,0.13243460655212402,success,0,True
27,2.8000000000000003,0.1655343758714749,0.5332825098097369,-0.25131819602188826,0.14007758860153832,0.7323698871573042,0.14824980100001994,0.14014887809753418,success,0,True
28,2.9000000000000004,0.17946684411964595,0.5297053968413679,-0.1796346195529289,0.14384345959228326,0.7168357646895936,0.15491419999989375,0.1480095386505127,success,0,True
29,3.0,0.19432961653126363,0.5270064351609276,-0.11449735013714901,0.15105839861193696,0.6513726941577987,0.14951590000009674,0.1423778533935547,success,0,True
30,3.1,0.20881081721631767,0.5253410923374349,-0.0534212367395614,0.14576643646620735,0.6107611339758761,0.1390168010002526,0.13331913948059082,success,0,True
31,3.2,0.22327295158459098,0.5245677714518536,0.0017995477679159863,0.1448279516108918,0.5522078450747738,0.1404382999999143,0.13389921188354492,success,0,True
32,3.3000000000000003,0.23734470925398907,0.5245930942792931,0.055336781827877206,0.14071780454223035,0.5353723405996121,0.135891299999912,0.13019371032714844,success,0,True
33,3.4000000000000004,0.2508566513868832,0.5253415658088951,0.10356335617630412,0.13532656421904168,0.4822657434842691,0.13572920100023111,0.12949299812316895,success,0,True
34,3.5,0.26383450783892265,0.5266904219571742,0.15060942956231838,0.13047764980964863,0.47046073386014237,0.13727160000007643,0.1307077407836914,success,0,True
35,3.6,0.275929332428765,0.528525915914028,0.1957999594401736,0.12233307807976644,0.45190529877855196,0.14539239999976417,0.1381368637084961,success,0,True
36,3.7,0.2877368937343838,0.5308678406536571,0.23974402793288058,0.1203757099551378,0.43944068492706984,0.1409319009999308,0.1349947452545166,success,0,True
37,3.8000000000000003,0.29892834691245346,0.5336035401085418,0.2815951604019968,0.11520966788615514,0.4185113246911618,0.12939440000036484,0.12269878387451172,success,0,True
38,3.9000000000000004,0.30979097309692044,0.5367459042914734,0.3129076990175738,0.11308010447538468,0.3131253861557703,0.1470091000001048,0.14061260223388672,success,0,True
39,4.0,0.32012229467058956,0.5400884645363487,0.32465152290404303,0.10858587129510977,0.11743823886469226,0.13029150100010156,0.12431907653808594,success,0,True
40,4.1000000000000005,0.33071959121653693,0.5436550881253583,0.33364950853754277,0.11181390696529114,0.08997985633499739,0.1424258000001828,0.13671278953552246,success,0,True
41,4.2,0.3411444005211794,0.5472684069909343,0.3452569265602953,0.11033255288557693,0.11607418022752493,0.1416903999997885,0.1356513500213623,success,0,True
42,4.3,0.35094696674717984,0.55079402419806,0.37044211140438155,0.10417306816366055,0.25185184844086267,0.14004480099993089,0.13426804542541504,success,0,True
43,4.4,0.36089899271309644,0.5546591111387764,0.37832661300377946,0.1067622207925512,0.07884501599397895,0.14420280000013008,0.138139009475708,success,0,True
44,4.5,0.37135038131401693,0.5588132629471642,0.4035313407439326,0.11246710671773426,0.25204727740153143,0.13205659999994168,0.1258857250213623,success,0,True
45,4.6000000000000005,0.38226201187287245,0.5634721150190443,0.41111683660930276,0.1186459371746926,0.07585495865370168,0.14266270100006295,0.13701677322387695,success,0,True
46,4.7,0.39420079045525874,0.5686769408924931,0.4290273448470512,0.1302400270316952,0.1791050823774841,0.15122470000005706,0.14461421966552734,success,0,True
47,4.800000000000001,0.40597220635958325,0.5740617081321854,0.42668048394321345,0.1294457224547213,-0.02346860903837733,0.14576880000004167,0.1399829387664795,success,0,True
48,4.9,0.41838047706523257,0.5797026245758604,0.4419027557503017,0.13630301545791193,0.15222271807088214,0.1404321009999876,0.1328597068786621,success,0,True
49,5.0,0.4309181546067523,0.5856342886610966,0.4365560620618968,0.13870039544111226,-0.05346693688404913,0.14437859999998182,0.13741612434387207,success,0,True
50,5.1000000000000005,0.4443350796889959,0.591894358750377,0.44582257496220856,0.14805483990239546,0.09266512900311774,0.15573829999993904,0.1494276523590088,success,0,True
51,5.2,0.4584700246418072,0.5986496357649892,0.43796457676766054,0.1566621959386355,-0.07857998194547997,0.15514920100031304,0.1491098403930664,success,0,True
52,5.300000000000001,0.4724567184132126,0.6051995535664715,0.43150279940789227,0.1544438492984569,-0.0646177735976828,0.1417764999996507,0.13567304611206055,success,0,True
53,5.4,0.48717314887940344,0.611975603990406,0.4204082464939424,0.1620148712353075,-0.11094552913949887,0.13622740000027989,0.13007020950317383,success,0,True
54,5.5,0.5026859370546155,0.6189107867123774,0.40869535976105265,0.16992449980980648,-0.11712886732889739,0.1300753010000335,0.12427210807800293,success,0,True
55,5.6000000000000005,0.5183326126766191,0.625687064486918,0.3956961711544628,0.17050994061870267,-0.12999188606589845,0.15566020000005665,0.14910101890563965,success,0,True
56,5.7,0.5360625166305835,0.6330933638991028,0.3737477942033219,0.19214649754802382,-0.21948376951140952,0.14913739999974496,0.1409151554107666,success,0,True
57,5.800000000000001,0.550748080906285,0.6388527641037887,0.3560819331848308,0.1577455193701226,-0.17665861018491102,0.13876850099995863,0.13266706466674805,success,0,True
58,5.9,0.5625920222755857,0.6432579551352461,0.3121519460676538,0.12636639394359,-0.4392998711717701,0.14657390000002124,0.1406996250152588,success,0,True
59,6.0,0.5751005978225644,0.6472944962569552,0.2829059722510461,0.13143748568871955,-0.29245973816607684,0.13931920000004538,0.13289499282836914,success,0,True
60,6.1000000000000005,0.5883570870200007,0.6511482004282161,0.27904772400110056,0.13805272242202882,-0.038582482499454895,0.15852180100000623,0.15084314346313477,success,0,True
61,6.2,0.605105721399633,0.6559470792844044,0.19530457294088982,0.17422571333157827,-0.8374315106021073,0.13957650000020294,0.13387537002563477,success,0,True
62,6.300000000000001,0.6195647892319393,0.6588074628785757,0.15846631092115282,0.14739282102091517,-0.36838262019736984,0.13449889999992592,0.1286146640777588,success,0,True
63,6.4,0.6339324649213528,0.6611035067838844,0.13375735645169562,0.1454998014882736,-0.2470895446945721,0.1437654010001097,0.137803316116333,success,0,True
64,6.5,0.6455821124545736,0.6626710925860141,0.11841234080548932,0.11754642184912172,-0.15345015646206306,0.14253120000012132,0.13602542877197266,success,0,True
65,6.6000000000000005,0.6589636185798508,0.6642630756686664,0.09388861290435938,0.13475871634750802,-0.24523727901129938,0.14476449999983743,0.13876080513000488,success,0,True
66,6.7,0.6686534498183035,0.6651755231565055,0.049197917156693555,0.09732696946261032,-0.4469069574766582,0.13915900099982537,0.13305997848510742,success,0,True
67,6.800000000000001,0.6786293220906597,0.6656667116547083,0.010280957093829236,0.09987957435588732,-0.38916960062864314,0.13934229999995296,0.13354086875915527,success,0,True
68,6.9,0.6901052260207835,0.665784699087671,-0.004467201497821345,0.11476510447333992,-0.14748158591650581,0.1335730999999214,0.1279764175415039,success,0,True
69,7.0,0.7043651535720272,0.6657209966942087,-0.04239696197759257,0.14260069837194117,-0.37929760479771224,0.14427000000023327,0.13719487190246582,success,0,True
70,7.1000000000000005,0.711696603235133,0.6654099791276605,-0.0613360844407868,0.07338043750847689,-0.18939122463194227,0.14512439999998605,0.13803720474243164,success,0,True
71,7.2,0.7214836843453722,0.6648089239588678,-0.12063253015224523,0.09805520076688229,-0.5929644571145843,0.27252860099997633,0.2666306495666504,success,0,True
72,7.300000000000001,0.7296155015991284,0.663823176020724,-0.16113807270996997,0.08191346094876033,-0.4050554255772473,0.4384663000000728,0.43165063858032227,success,0,True
73,7.4,0.7354593081361117,0.6628732805341689,-0.2018664300025058,0.059205047316142456,-0.4072835729253582,0.49036660000001575,0.4839649200439453,success,0,True
74,7.5,0.7451357675730609,0.6608929553977382,-0.26699789375979766,0.09877021559200069,-0.6513146375729185,0.41424400000005335,0.4085686206817627,success,0,True
75,7.6000000000000005,0.7500140109236999,0.659558615559833,-0.33713410789071885,0.050574421391721844,-0.7013621413092122,0.4340624010001193,0.42681264877319336,success,0,True
76,7.7,0.759847371024696,0.6561118691070201,-0.398526951260236,0.10419934356119534,-0.6139284336951715,0.432199600000331,0.4264335632324219,success,0,True
77,7.800000000000001,0.7662988026294096,0.6533954426315622,-0.46412305460258246,0.06999995896203481,-0.6559610334234645,0.263898799999879,0.2583174705505371,success,0,True
78,7.9,0.7701292342213313,0.65147794984182,-0.5401689465961453,0.04283571498073203,-0.760458919935629,0.2773406999999679,0.27115964889526367,success,0,True
79,8.0,0.7795414283516332,0.6458338401149883,-0.5803973843902809,0.1097476072427111,-0.40228437794135524,0.266822300000058,0.2603797912597656,success,0,True
80,8.1,0.7841212966196744,0.6428306530670841,-0.6700408176601547,0.05476707569088483,-0.8964343326987378,0.26311950100034665,0.2561028003692627,success,0,True
81,8.200000000000001,0.7917063437869953,0.6368208638350518,-0.7291733123485556,0.09677319212671134,-0.5913249468840094,0.4280647000000499,0.4212789535522461,success,0,True
82,8.3,0.7953598409911075,0.6335567203160514,-0.7586379622158668,0.048992524667633756,-0.2946464986731117,0.28115170000000944,0.27487850189208984,success,0,True
83,8.4,0.8028732411343753,0.6264350510852653,-0.7723229252282615,0.103522632475021,-0.13684963012394794,0.13927300000023024,0.1320486068725586,success,0,True
84,8.5,0.8071239604564765,0.6222940616076441,-0.8106838021076657,0.059343414638065285,-0.3836087687940411,0.13470939999979237,0.12794041633605957,success,0,True
85,8.6,0.815412953905631,0.6135749147898683,-0.8255736559134493,0.12030417018127654,-0.14889853805783715,0.14489730000013878,0.137969970703125,success,0,True
86,8.700000000000001,0.8205839021023063,0.6079708417518396,-0.8546606309640317,0.07625243594027611,-0.29086975050582364,0.14299400000027163,0.1367800235748291,success,0,True
87,8.8,0.8291053952788997,0.598178881340356,-0.8580876032860305,0.12980690839042017,-0.03426972321998828,0.14469899999994595,0.1387650966644287,success,0,True
88,8.9,0.8381376317975526,0.587727922668871,-0.8401585925544317,0.1381317608958836,0.17929010731598774,0.14359230100035347,0.13730835914611816,success,0,True
89,9.0,0.8476569844604825,0.5771044355782331,-0.7786976604067435,0.1426452078010962,0.614609321476882,0.14266189999989365,0.13642549514770508,success,0,True
90,9.1,0.8602749477245544,0.5646544427427596,-0.7212990460879299,0.17726119669482293,0.5739861431881358,0.13622290000012072,0.12940669059753418,success,0,True
91,9.200000000000001,0.8674221393945343,0.5583694249689296,-0.6012990460881658,0.09517552058422812,1.199999999997642,0.1318347999999787,0.1253070831298828,success,0,True
92,9.3,0.8755468570217495,0.5527954985022319,-0.501391450025268,0.09852902758991214,0.9990759606289777,0.13116939999963506,0.12410306930541992,success,0,True
93,9.4,0.8879822496641865,0.5459795281198676,-0.4570196656457741,0.14180847732940455,0.4437178437949385,0.14172039999994013,0.13565897941589355,success,0,True
94,9.5,0.899195799114719,0.5404653513467546,-0.33701966585718035,0.12495992828290128,1.199999997885938,0.14908850000028906,0.14336633682250977,success,0,True
95,9.600000000000001,0.910333171520916,0.536562959316709,-0.27700331138694945,0.11801259579827932,0.6001635447023088,0.28016810000008263,0.27454519271850586,success,0,True
96,9.700000000000001,0.9163038427975724,0.5348654220502385,-0.21508639057321244,0.062072979842236066,0.6191692081373702,0.2826387000000068,0.2769601345062256,success,0,True
97,9.8,0.9242801189500106,0.5331228790964051,-0.1776104905398425,0.08164400602978131,0.37475900033369935,0.13273390099993776,0.12684011459350586,success,0,True
98,9.9,0.9341726203419218,0.5313471556655621,-0.15699919819168148,0.10050610801926896,0.2061129234816102,0.1370166000001518,0.130112886428833,success,0,True
99,10.0,0.9425225146141809,0.5300253507931794,-0.08546834945869518,0.08453869083358173,0.715308487329863,0.1582720999999765,0.15179014205932617,success,0,True
100,10.100000000000001,0.9514438699300073,0.5292609952076338,-0.04383511680959519,0.08954039319345089,0.4163323264909999,0.14406689999987066,0.13644671440124512,success,0,True
101,10.200000000000001,0.9630802744819902,0.528750585092317,-0.03612684926537571,0.11647593287165628,0.07708267544219477,0.14826850000008562,0.14167308807373047,success,0,True
102,10.3,0.9711095519012559,0.5284603863353994,0.022151986264576505,0.08034519972845122,0.5827883552995221,0.13978480000014315,0.133650541305542,success,0,True
103,10.4,0.9786417900000453,0.5286272676680055,0.05393769538045133,0.07534086550871737,0.3178570911587482,0.14028360000020257,0.13309907913208008,success,0,True
104,10.5,0.9950882481708795,0.529515212978327,0.04561552598846627,0.16470410840022254,-0.08322169391985057,0.14040410000006887,0.13468265533447266,success,0,True
105,10.600000000000001,1.0044829821136128,0.529944056192168,0.059852552070339335,0.09404516593467245,0.14237026081873064,0.275458499999786,0.2689645290374756,success,0,True
106,10.700000000000001,1.0117209281708741,0.5303777837773309,0.12502870661871218,0.07250929784928085,0.6517615454837284,0.4160297990001709,0.4098520278930664,success,0,True
107,10.8,1.0211942624678907,0.531568433134472,0.18931189214298944,0.09547864085474381,0.6428318552427724,0.44838619900019694,0.4414815902709961,success,0,True
108,10.9,1.02757806914011,0.5327916111769535,0.25459104919865394,0.06499934780586662,0.6527915705566449,0.28907289900007527,0.2831273078918457,success,0,True
109,11.0,1.0368954545065756,0.5352163496424863,0.3030193404304655,0.0962772178105826,0.48428291231811554,0.14146690000006856,0.13428282737731934,success,0,True
110,11.100000000000001,1.0431095314788172,0.5371591659580531,0.3396378537768012,0.06510705634028982,0.36618513346335724,0.14151970000011715,0.13422656059265137,success,0,True
111,11.200000000000001,1.0521589992095697,0.5403566095834884,0.399709431280921,0.09597734730016522,0.600715775041198,0.26616869899999074,0.26044344902038574,success,0,True
112,11.3,1.0600552417612028,0.5436923831852692,0.4491179860485528,0.08571932801682478,0.4940855476763178,0.4160356990000764,0.4096682071685791,success,0,True
113,11.4,1.0662421762977052,0.5466742858161098,0.5409262950249787,0.06868034817819517,0.9180830897642589,0.4383394000001317,0.43099188804626465,success,0,True
114,11.5,1.069261214621903,0.5484877902883247,0.5867632699351909,0.03521844811134838,0.45836974910212197,0.41024759900028585,0.40453362464904785,success,0,True
115,11.600000000000001,1.0784771033337994,0.5546152318976048,0.6035730590401209,0.11066984477498695,0.16809789104929973,0.2753329990000566,0.2685823440551758,success,0,True
116,11.700000000000001,1.0830207740955244,0.5577476162081862,0.7124960445814588,0.05518765755142446,1.0892298554133781,0.2784364999997706,0.27118468284606934,success,0,True
117,11.8,1.0913445985462173,0.5649383858743796,0.77432261700164,0.10999691899239712,0.6182657242018124,0.2741678989996217,0.2681303024291992,success,0,True
118,11.9,1.0965907879554604,0.570069634784182,0.8030173709302393,0.07338407095003877,0.2869475392859927,0.140197199999875,0.13386058807373047,success,0,True
119,12.0,1.1037883568211524,0.5775254106920025,0.8133900441142138,0.10363087955045783,0.10372673183974498,0.13552620000018578,0.1295015811920166,success,0,True
120,12.100000000000001,1.1075847086317527,0.5815404758824628,0.8225499501322378,0.05525670597628461,0.09159906018023962,0.2786734989999786,0.2711782455444336,success,0,True
121,12.200000000000001,1.114455027137192,0.5889412344705883,0.8288314197788442,0.10098143594042158,0.06281469646606422,0.2745012999998835,0.2684910297393799,success,0,True
122,12.3,1.1205516052081497,0.5955918113999282,0.8428672013548304,0.09022108271814806,0.1403578157598619,0.14649289899989526,0.14009833335876465,success,0,True
123,12.4,1.127798407253811,0.6037233671080439,0.8335405489033222,0.1089212275560587,-0.0932665245150816,0.14526100000011866,0.13871526718139648,success,0,True
124,12.5,1.1369268010975975,0.6137758901030546,0.7752731247966,0.13578688918025164,-0.5826742410672212,0.14922280000018873,0.14229893684387207,success,0,True
125,12.600000000000001,1.154634111579674,0.6311282083598929,0.7241000840975494,0.247921720185075,-0.511730406990506,0.29432939899970734,0.28725528717041016,success,0,True
126,12.700000000000001,1.163886020662521,0.6393101173832826,0.604100084110915,0.12350767463776942,-1.1999999998663444,0.41259289900017393,0.40688490867614746,success,0,True
127,12.8,1.1743010272641459,0.6464982724214885,0.5474623403150538,0.12654719884895668,-0.566377437958612,0.26833380000016405,0.26194047927856445,success,0,True
128,12.9,1.185536571788609,0.6533476746123945,0.44163685117437745,0.13158714645966946,-1.0582548914067638,0.14309189999994487,0.1374349594116211,success,0,True
129,13.0,1.1975886635280932,0.6590456830903584,0.3946420411808764,0.13331174588605973,-0.4699480999350102,0.14882829899988792,0.1426868438720703,success,0,True
130,13.100000000000001,1.2096277795566235,0.6640598752001721,0.3043279349841042,0.13041565751953665,-0.9031410619677223,0.13845790000004854,0.13147640228271484,success,0,True
131,13.200000000000001,1.220688102303898,0.6675337534275779,0.2658709363309835,0.11593039688223425,-0.3845699865312069,0.13206350000018574,0.12537384033203125,success,0,True
132,13.3,1.2311721107476568,0.6703887361209624,0.18732111566824244,0.10865788477065588,-0.7854982066274109,0.14115989999982048,0.13526558876037598,success,0,True
133,13.4,1.2425063985517466,0.6725370743595153,0.1553491959280441,0.11536092805329135,-0.31971919740198324,0.14126489899990702,0.13379216194152832,success,0,True
134,13.5,1.2487466252936783,0.6735143630011394,0.14096776547989154,0.06316290278301691,-0.1438143044815258,0.13587490000008984,0.12973809242248535,success,0,True
135,13.600000000000001,1.262911899996141,0.6755245431706777,0.1187247439029877,0.14307195102822765,-0.22243021576903826,0.1413609000001088,0.13471555709838867,success,0,True
136,13.700000000000001,1.274734993561262,0.6769348696108609,0.07616565997659502,0.11906912367086842,-0.4255908392639268,0.1431493000000046,0.13641762733459473,success,0,True
137,13.8,1.286972007297122,0.6778687163499576,0.06589170082390491,0.12272594465057074,-0.10273959152690115,0.13679879900018932,0.1307847499847412,success,0,True
138,13.9,1.2988721612019916,0.6786539745159397,0.03419783167716226,0.11926034267384346,-0.3169386914674265,0.1400986000003286,0.1340312957763672,success,0,True
139,14.0,1.3115923415130795,0.6790891467577898,0.031195981235445504,0.12727622009891126,-0.03001850441716758,0.13712530000020706,0.13109135627746582,success,0,True
140,14.100000000000001,1.3240458126546695,0.679477771086358,0.05075871982337197,0.12459533391871921,0.19562738587926462,0.1305572020000909,0.12401318550109863,success,0,True
141,14.200000000000001,1.3361931826305757,0.6800948861147965,0.04519838161133651,0.12163035323876739,-0.055603382120354566,0.14282270100011374,0.1355152130126953,success,0,True
142,14.3,1.3485289049252915,0.6806528207840192,0.04777216361365709,0.12348333313749954,0.02573782002320575,0.13950240099984512,0.13368678092956543,success,0,True
143,14.4,1.3610626223698803,0.681252039495415,0.010197329117958107,0.12548033154438104,-0.3757483449569898,0.1437291020001794,0.13737773895263672,success,0,True
144,14.5,1.3734251359930993,0.6813781084853697,-0.008000298393717253,0.12363156412280142,-0.18197627511675357,0.1506550009999046,0.14455413818359375,success,0,True
145,14.600000000000001,1.386230440759266,0.6812756600404787,-0.01910113959715759,0.12805714577417185,-0.11100841203440336,0.14858820200015543,0.14184832572937012,success,0,True
146,14.700000000000001,1.399698231886687,0.681018378591312,-0.004651214368677881,0.1347024838657116,0.1444992522847971,0.15370490099985545,0.14754056930541992,success,0,True
147,14.8,1.4176847692358712,0.6809347187470565,0.018693332330539457,0.1798673190946971,0.23344546699217336,0.15109660200005237,0.14544081687927246,success,0,True
148,14.9,1.4354773179704157,0.6812673595205333,0.0019100675003266912,0.17795657907347034,-0.16783264830212766,0.14047300099991844,0.1343693733215332,success,0,True
149,15.0,1.4481781526448916,0.6812916190015744,0.011495512080274467,0.1270085784310618,0.09585444579947774,0.1450402010000289,0.13799357414245605,success,0,True
150,15.100000000000001,1.4598544918670542,0.6814258504129587,0.1090778898958458,0.11677110760064638,0.9758237781557133,0.14188180199971612,0.13581395149230957,success,0,True
151,15.200000000000001,1.4707291003383753,0.6826167566376403,0.15415363721891567,0.10939623715673033,0.4507574732306986,0.13437740100016526,0.12857747077941895,success,0,True
152,15.3,1.4761401938752283,0.6834575671189848,0.2250411866552285,0.05476029175425567,0.7088754943631279,0.27852340299978096,0.2718484401702881,success,0,True
153,15.4,1.4862814395412103,0.6857790880432179,0.2877877281787914,0.10403572610380098,0.6274654152356287,0.2721045029998095,0.2655055522918701,success,0,True
154,15.5,1.4945263113022997,0.688219612109243,0.31510491044836253,0.08598492197685512,0.2731718226957113,0.2769884020003701,0.2708139419555664,success,0,True
155,15.600000000000001,1.5013982317918728,0.6904596210895408,0.4310653503153556,0.07227788835240685,1.1596043986699307,0.3988061039999593,0.3928201198577881,success,0,True
156,15.700000000000001,1.5062846376479715,0.6927069332997196,0.48807264442604664,0.05378417458745097,0.5700729411069105,0.29126030299994454,0.2836763858795166,success,0,True
157,15.8,1.5146120351202028,0.6971280734636978,0.5107795028080238,0.09428256944423241,0.2270685838197714,0.14050130099985836,0.13454484939575195,success,0,True
158,15.9,1.5210206006343883,0.7007193217971476,0.5505179122453299,0.07346208310558196,0.39738409437306066,0.14590890199997375,0.1386432647705078,success,0,True
159,16.0,1.5259838694971275,0.7037658657332885,0.6201738583192571,0.058236988039109344,0.6965594607392718,0.15003670099986266,0.1439070701599121,success,0,True
160,16.1,1.5336407211878849,0.7092341710460567,0.6609543413318113,0.0940902443444069,0.40780483012554164,0.1489409020000494,0.1422290802001953,success,0,True
161,16.2,1.538305983179493,0.7128620431043119,0.7088318039768066,0.05909832918231444,0.4787746264499527,0.14661130100012087,0.1409449577331543,success,0,True
162,16.3,1.546337894030724,0.7197494022803257,0.7570754736068515,0.10580515504527377,0.4824366963004491,0.15189460199962923,0.1457054615020752,success,0,True
163,16.400000000000002,1.5501716324910655,0.7233719034913664,0.7811992074147927,0.05274473016927155,0.24123733807941186,0.28681930199991257,0.2804722785949707,success,0,True
164,16.5,1.5582291921007616,0.7313620789717757,0.8172499664377691,0.11347562340500351,0.36050759022976464,0.2741590030000225,0.2675328254699707,success,0,True
165,16.6,1.562499799193987,0.7359137878033665,0.8355000005287148,0.06241485258517306,0.18250034090945622,0.14225120100036293,0.13535833358764648,success,0,True
166,16.7,1.5693460996130293,0.7434829334835877,0.8396733679037008,0.1020606661531216,0.04173367374986034,0.27072190299986687,0.2643561363220215,success,0,True
167,16.8,1.5791794432342496,0.7544461228352349,0.7966941585298142,0.14727055630134073,-0.4297920937388672,0.279272303000198,0.27330994606018066,success,0,True
168,16.900000000000002,1.600291324286134,0.7760404333384757,0.789895375852836,0.30199764364300863,-0.06798782676978149,0.26582870199990793,0.25963401794433594,success,0,True
169,17.0,1.6109198399980773,0.7867649789511687,0.6698953758537006,0.15099047149994485,-1.1999999999913533,0.4005282039997837,0.39394235610961914,success,0,True
170,17.1,1.620657848362922,0.7944782985522318,0.6076515462895642,0.12422725392679672,-0.6224382956413641,0.32238340300000345,0.31650352478027344,success,0,True
171,17.2,1.6300841869849998,0.8010336472280226,0.48765168714900026,0.11481657375103609,-1.1999985914056395,0.14474940200034325,0.13818573951721191,success,0,True
172,17.3,1.6382575176000926,0.8053685815390509,0.42978375722500495,0.09251755986003136,-0.5786792992399528,0.1443871010001203,0.13814878463745117,success,0,True
173,17.400000000000002,1.649216579639239,0.8103917698027797,0.35965035825375596,0.12055432846261718,-0.70133398971249,0.24641080300034446,0.2339036464691162,success,0,True
174,17.5,1.6579204467178976,0.8136644562504093,0.26431864748338774,0.09298805230106404,-0.9533171077036824,0.14799400099991544,0.1403944492340088,success,0,True
175,17.6,1.6684807096182053,0.816522603616851,0.22130892736087188,0.10940208356878336,-0.4300972012251586,0.14944390100026794,0.1431727409362793,success,0,True
176,17.7,1.678305298118132,0.8187330791039402,0.15090641208458871,0.10070190716759636,-0.7040251527628314,0.14838240199969732,0.14139127731323242,success,0,True
177,17.8,1.6897020249326957,0.8204660934370128,0.10595786391789719,0.11527737018358604,-0.44948548166691515,0.14863350099994932,0.141693115234375,success,0,True
178,17.900000000000002,1.6991569266813895,0.821471680715465,0.05959098930545065,0.0950822658817285,-0.46366874612446535,0.14906000200016933,0.14204978942871094,success,0,True
179,18.0,1.7126654595994282,0.8222776217707066,0.04927426478653222,0.13532553439105846,-0.1031672451891843,0.14225070100019366,0.13665270805358887,success,0,True
180,18.1,1.7299724485257746,0.8231311017740452,-0.040103689545386324,0.1732802048165844,-0.8937795433191854,0.13018690099988817,0.12427306175231934,success,0,True
181,18.2,1.7414440898178027,0.8226707998378554,-0.08066855581437724,0.11480872432242478,-0.4056486626899092,0.1465945009999814,0.14039301872253418,success,0,True
182,18.3,1.7491459526236044,0.8220481504891777,-0.1101430305435538,0.0772699054553576,-0.29474474729176564,0.27019960000006904,0.26427602767944336,success,0,True
183,18.400000000000002,1.7608374660990687,0.8207551789739947,-0.1560708743016227,0.117627914495682,-0.45927843758068904,0.4031822009997086,0.3965725898742676,success,0,True
184,18.5,1.7666550762816686,0.8198397748618566,-0.17899518166877337,0.0588918949645973,-0.22924307367150687,0.4112290009998105,0.4050025939941406,success,0,True
185,18.6,1.7799915301558866,0.8174267885549465,-0.2372971203616404,0.13552988779471434,-0.5830193869286704,0.2855139000002964,0.2796900272369385,success,0,True
186,18.7,1.7870137467817668,0.8157284384681345,-0.28467898097997757,0.07224674342706558,-0.4738186061833717,0.2798081010000715,0.27396178245544434,success,0,True
187,18.8,1.7947473210024223,0.813465385364372,-0.32960746549726716,0.08057889275538282,-0.449284845172896,0.3908962010000323,0.3845674991607666,success,0,True
188,18.900000000000002,1.8026790852809662,0.81075203716425,-0.3803774280997798,0.0838302708008812,-0.5076996260251267,0.2956413000001703,0.2891077995300293,success,0,True
189,19.0,1.8111141510410693,0.8073792725194848,-0.5003774252191123,0.0908437536246951,-1.199999971193325,0.3315425010000581,0.3222367763519287,success,0,True
190,19.1,1.8215474246822816,0.8016744351002961,-0.5504095802043222,0.11891104610245076,-0.5003215498520984,0.44537060100037706,0.43962740898132324,success,0,True
191,19.200000000000003,1.8266102171947354,0.798567556811265,-0.6704095801756802,0.05940080868726537,-1.1999999997135795,0.39538839999977426,0.3889181613922119,success,0,True
192,19.3,1.833637298860187,0.7929956358304726,-0.762869995513741,0.08968064459465111,-0.9246041533806086,0.27067310099982933,0.26413750648498535,success,0,True
193,19.400000000000002,1.8369739990107528,0.7898059872380203,-0.8367085079340261,0.046159967545610664,-0.7383851242028506,0.13839059999963865,0.13110756874084473,success,0,True
194,19.5,1.8438576980571204,0.7821769821595049,-0.9567085072468644,0.10275555023889228,-1.1999999931283831,0.14184890000024097,0.13502788543701172,success,0,True
195,19.6,1.8486342352541174,0.7754019538927059,-1.036139143126256,0.08289530481892274,-0.794306358793917,0.13781030099971758,0.13182854652404785,success,0,True
196,19.700000000000003,1.8529719041636765,0.7680771633631517,-1.1271059977445799,0.08512809634357095,-0.9096685461832369,0.14395669999976235,0.13772130012512207,success,0,True
197,19.8,1.8592668255625344,0.754832967948597,-1.1998230829851728,0.14664063133958175,-0.7271708524059284,0.14948059999960606,0.14265990257263184,success,0,True
198,19.900000000000002,1.8641693536103776,0.7422295251082757,-1.2667190266197366,0.1352337061124683,-0.6689594363456377,0.1507421000001159,0.14454412460327148,success,0,True
199,20.0,1.867482005653551,0.7316732690719674,-1.3352539889282733,0.11063824160896443,-0.6853496230853668,0.14241160099982153,0.13656973838806152,success,0,True
200,20.1,1.8712298973922574,0.7160568716228002,-1.3959816103660032,0.16059843142927038,-0.6072762143772996,0.15015570000014122,0.14457392692565918,success,0,True
201,20.200000000000003,1.8740866974134984,0.6998818082733721,-1.4262887590422806,0.1642540656176808,-0.30307148676277285,0.14521289999993314,0.13862299919128418,success,0,True
202,20.3,1.8765928043729359,0.6826603013048517,-1.4737464236148883,0.17402898447067333,-0.47457664572607794,0.15176020099988818,0.1451883316040039,success,0,True
203,20.400000000000002,1.878329711764539,0.6648194711690885,-1.4877635806954281,0.17925179698406427,-0.14017157080539838,0.15519099999983155,0.14877557754516602,success,0,True
204,20.5,1.8795325736508914,0.6503661823220386,-1.5551317315629887,0.145032560211111,-0.6736815086756058,0.14112129999966783,0.13526320457458496,success,0,True
205,20.6,1.8797544872625247,0.6362007693617293,-1.5849704448562967,0.14167151089302576,-0.2983871329330799,0.1385389000001851,0.13233208656311035,success,0,True
206,20.700000000000003,1.879536399637767,0.6208154721173097,-1.588634020917085,0.1538684287016732,-0.03663576060788443,0.14784140099982324,0.14016008377075195,success,0,True
207,20.8,1.8792125016914367,0.6026593365536445,-1.574861941350502,0.18159024436511592,0.13772079566582962,0.15156170000000202,0.14411354064941406,success,0,True
208,20.900000000000002,1.8791214839229158,0.5802722494869078,-1.6290406127728827,0.22387272088573806,-0.5417867142238061,0.13912170000003243,0.13301753997802734,success,0,True
209,21.0,1.8781597375288415,0.5637786383095396,-1.6475693311288828,0.1652162721394969,-0.18528718356000157,0.12930569999980435,0.12295699119567871,success,0,True
210,21.1,1.8770127883417795,0.5488685159013698,-1.7090237258172276,0.1495417141349895,-0.6145439468834479,0.15141380100021706,0.1456599235534668,success,0,True
211,21.200000000000003,1.875565130500336,0.5384622864355144,-1.73646574008634,0.10506442067699695,-0.27442014269112275,0.1388200000001234,0.13190388679504395,success,0,True
212,21.3,1.8735283649424115,0.5262808136877549,-1.736710903018802,0.12350574571345081,-0.0024516293246207854,0.14091050000024552,0.13393282890319824,success,0,True
213,21.400000000000002,1.8715456954613523,0.5144407251946027,-1.717622011798882,0.12004943723183283,0.19088891219919765,0.14525020100018082,0.13871169090270996,success,0,True
214,21.5,1.8690027828145406,0.4972460964384305,-1.7494965280012134,0.17381647297995104,-0.3187451620233136,0.14950899999985268,0.14263510704040527,success,0,True
215,21.6,1.8674594328999448,0.48870169357749554,-1.7828440740707567,0.08682669474812232,-0.3334754606954343,0.14591999999993277,0.13930535316467285,success,0,True
216,21.700000000000003,1.8659028488327534,0.48147132381027696,-1.7956002934712971,0.07396026022732906,-0.12756219400540336,0.13291930000013963,0.12688040733337402,success,0,True
217,21.8,1.8640307215095666,0.4732842643853715,-1.8044413968014934,0.08398380959515708,-0.08841103330196376,0.1425182009998025,0.13623929023742676,success,0,True
218,21.900000000000002,1.862361167857165,0.4662690845294778,-1.8157096392737788,0.07211113492990191,-0.11268242472285511,0.14291880000018864,0.13706254959106445,success,0,True
219,22.0,1.8601207831652338,0.4573050561309009,-1.8427229697172836,0.09239758043278633,-0.270133304435047,0.15171849999978804,0.14597558975219727,success,0,True
220,22.1,1.8588839484989412,0.45286930918214907,-1.923775124601675,0.04604955047023118,-0.810521548843915,0.27537680100022044,0.2680997848510742,success,0,True
221,22.200000000000003,1.8547756163090665,0.44171772338041143,-1.980129421624628,0.11884286233336724,-0.563542970229528,0.2652731000002859,0.2585928440093994,success,0,True
222,22.3,1.8524147179071866,0.4362758408789376,-2.0512392750172435,0.059319412019883104,-0.7110985339261569,0.13721060000034413,0.13075709342956543,success,0,True
223,22.400000000000002,1.8476870555691984,0.42720466206728663,-2.081208998421638,0.10229226569735281,-0.2996972340439436,0.14761200099974303,0.1408705711364746,success,0,True
224,22.5,1.845194721523055,0.4227532756736076,-2.1401704780019086,0.051016242338490794,-0.5896147958027046,0.15232139999989158,0.14622163772583008,success,0,True
225,22.6,1.8388658828965065,0.41286579291067926,-2.185269895668091,0.11739527833268953,-0.45099417666182584,0.1421255000000201,0.13570880889892578,success,0,True
226,22.700000000000003,1.835491130673164,0.40808297161090823,-2.2598506529111826,0.05853574305883437,-0.7458075724309133,0.1537966000000779,0.14692282676696777,success,0,True
227,22.8,1.8283690427714685,0.39943701161975,-2.2929369392606693,0.11201640962295997,-0.33086286349486754,0.17887600099993506,0.1713850498199463,success,0,True
228,22.900000000000002,1.824682444014045,0.39525179590507653,-2.349632148402226,0.05577368642701165,-0.5669520914155666,0.15547409999999218,0.1490039825439453,success,0,True
229,23.0,1.8162238391027101,0.3866814395252464,-2.376225093882611,0.12041553285326287,-0.26592945480385266,0.15982430000030945,0.15336251258850098,success,0,True
230,23.1,1.8096962979096376,0.3804102979663744,-2.4243383046466205,0.09051851218323882,-0.48113210764009473,0.15244620000021314,0.14561223983764648,success,0,True
231,23.200000000000003,1.800081652160829,0.3720241941552586,-2.451501199304236,0.12758062157157557,-0.27162894657615577,0.15042970099966624,0.14402508735656738,success,0,True
232,23.3,1.7864683878874428,0.36078658242767997,-2.451306466452812,0.17652333599750125,0.0019473285142421748,0.15861339999992197,0.1522822380065918,success,0,True
233,23.400000000000002,1.7741194557065778,0.35058861996696816,-2.35410664164876,0.1601544767896566,0.9719982480405196,0.15415970000003654,0.14782381057739258,success,0,True
234,23.5,1.76718911795183,0.34362928263217624,-2.262759937543416,0.0982150485080123,0.9134670410534391,0.15102310100019167,0.14464688301086426,success,0,True
235,23.6,1.7581575146832216,0.33273000866822144,-2.2130685569251862,0.14155000195792303,0.4969138061823014,0.15374430000019856,0.14649724960327148,success,0,True
236,23.700000000000003,1.7485297901002423,0.3198601238665946,-2.093068556926885,0.16072554727013671,1.1999999999830122,0.34366250000039145,0.3368692398071289,success,0,True
237,23.8,1.7417873132941841,0.30814595224872876,-2.004429512830381,0.13516020500615103,0.8863904409650448,0.4880605009998362,0.48113012313842773,success,0,True
238,23.900000000000002,1.737077599658996,0.29797435022765384,-1.905705768175198,0.11209053938696718,0.9872374465518281,0.5430522010001368,0.5366957187652588,success,0,True
239,24.0,1.7324720834314058,0.28474085295100715,-1.8630919003607433,0.14012003065001524,0.4261386781445473,0.33339500099964425,0.32672619819641113,success,0,True
240,24.1,1.7293304972927936,0.27430072413228307,-1.7533904451511442,0.10902561773173888,1.0970145520959909,0.3605990999999449,0.3532383441925049,success,0,True
241,24.200000000000003,1.7275405520503913,0.2646070479138148,-1.6790543723443383,0.09857548508594627,0.7433607280680589,0.3154721010000685,0.30926036834716797,success,0,True
242,24.3,1.7260843709458484,0.2512086170789422,-1.6498894673072655,0.1347732956657554,0.29164905037072797,0.14067660000000615,0.1334095001220703,success,0,True
243,24.400000000000002,1.7252080565196286,0.24015220522453506,-1.566860996803849,0.1109108516187102,0.8302847050341647,0.14547159999983705,0.13977575302124023,success,0,True
244,24.5,1.7252536098622915,0.22857678267866993,-1.5311726615743582,0.11575512179698608,0.35688335229490703,0.13707660000000033,0.13036179542541504,success,0,True
245,24.6,1.7256091619554328,0.21960825351075505,-1.5009653313979976,0.08975574228241726,0.3020733017636052,0.1369377009996242,0.13102054595947266,success,0,True
246,24.700000000000003,1.7262545582612132,0.21038101999305284,-1.496828409735293,0.09249777012540489,0.04136921662704479,0.15153929999996762,0.14550542831420898,success,0,True
247,24.8,1.7268427820988197,0.20244310994117087,-1.4374767788148375,0.07959674822183208,0.5935163092045568,0.16451580000011745,0.1567678451538086,success,0,True
248,24.900000000000002,1.727933864078888,0.194307694020743,-1.412561445983203,0.08208255118207586,0.24915332831634407,0.15970270000025266,0.1523880958557129,success,0,True
249,25.0,1.7291880165735525,0.18644806344106907,-1.4005803025349377,0.0795906347058614,0.11981143448265252,0.15791750100015634,0.15131545066833496,success,0,True
250,25.1,1.7302643197554968,0.1801860895879459,-1.3585427798326888,0.06353797689308448,0.4203752270224895,0.14720740000029764,0.14131855964660645,success,0,True
251,25.200000000000003,1.7316351969252721,0.173824696011428,-1.3262737884973308,0.06507429019972051,0.3226899133535801,0.13579470000013316,0.13000798225402832,success,0,True
252,25.3,1.7331644391268228,0.16769584759932002,-1.3047875502222142,0.06316752691818968,0.21486238275116598,0.14158950000000914,0.13550233840942383,success,0,True
253,25.400000000000002,1.7345837233105177,0.16248681386417244,-1.2818468977354471,0.05398925823531188,0.2294065248676703,0.14470340099978785,0.13784432411193848,success,0,True
254,25.5,1.7360945213748262,0.15740455516433033,-1.2464405239711824,0.05302062267008889,0.35406373764264604,0.1356713000000127,0.12903213500976562,success,0,True
255,25.6,1.7375552618787395,0.1530600945276428,-1.2116164593307768,0.04583459506039126,0.3482406464040556,0.14101019999998243,0.13518071174621582,success,0,True
256,25.700000000000003,1.7389793156524491,0.14926733914311285,-1.1769016182438472,0.04051286531127782,0.3471484108692955,0.1445874000000913,0.13794970512390137,success,0,True
257,25.8,1.7406250816639186,0.14530750629796585,-1.136495861963627,0.042882189689908465,0.4040575628022023,0.14835550099996908,0.1424083709716797,success,0,True
258,25.900000000000002,1.7419790109870272,0.14238852558354986,-1.100743105078964,0.03217696850715678,0.35752756884662984,0.1581586000002062,0.14927339553833008,success,0,True
259,26.0,1.7438856863483074,0.13863547034630486,-1.0658019821868654,0.0420961216112902,0.3494112289209862,0.16902380000010453,0.16074705123901367,success,0,True
260,26.1,1.7452080672840262,0.13624334198722318,-1.0311961052237117,0.027333074151062876,0.34605876963153714,0.16351450000001932,0.15658783912658691,success,0,True
261,26.200000000000003,1.7472015179488667,0.13291474593970437,-1.0013159422762015,0.03879870771135387,0.29880162947510314,0.14333520100035457,0.13646888732910156,success,0,True
262,26.3,1.7486070628228843,0.1307193905859195,-0.9692364566845736,0.026067492250443157,0.32079485591627876,0.13850430000002234,0.1326000690460205,success,0,True
263,26.400000000000002,1.7505606783039251,0.12787333531414496,-0.9393631746578363,0.03452049254828028,0.2987328202673732,0.14201550000007046,0.13618779182434082,success,0,True
264,26.5,1.7520786049200683,0.12579771437118786,-0.9068008717923001,0.025714399683519275,0.32562302865536136,0.14426229999980933,0.13841819763183594,success,0,True
265,26.6,1.7538212269704865,0.12357079798619539,-0.8728303398392405,0.028277001602630567,0.3397053195305955,0.14333269899998413,0.1373438835144043,success,0,True
266,26.700000000000003,1.7555120317885256,0.12155509699923063,-0.8360114662118457,0.026309449636119336,0.3681887362739481,0.14054500000020198,0.13475704193115234,success,0,True
267,26.8,1.7571134656273413,0.11978275948958972,-0.7980757596656683,0.023886754882536936,0.3793570654617738,0.1378921000000446,0.13149356842041016,success,0,True
268,26.900000000000002,1.7586954452228567,0.11816015124659665,-0.7615553155245502,0.02266167899970377,0.36520444141118064,0.15238780000026964,0.14621376991271973,success,0,True
269,27.0,1.7603074398230085,0.11662324953241071,-0.7277941990130392,0.022272389790918206,0.3376111651151105,0.14900299999999334,0.1431899070739746,success,0,True
270,27.1,1.7619467782522718,0.11516267608710468,-0.6964983631792373,0.021956104560673824,0.3129583583380196,0.13844169999993028,0.13285112380981445,success,0,True
271,27.200000000000003,1.7636033213716842,0.11377727580166466,-0.6674858067230458,0.021595066699063418,0.2901255645619144,0.14502119999997376,0.13844633102416992,success,0,True
272,27.3,1.7652693286769003,0.11246417876955586,-0.6405820312663426,0.02121274182364661,0.2690377545670315,0.14331129999982295,0.13664650917053223,success,0,True
273,27.400000000000002,1.766939156742964,0.1112194072875196,-0.615618416456935,0.020827342155695962,0.24963614809407553,0.13902950000010605,0.13336682319641113,success,0,True
274,27.5,1.7686076830032962,0.11003923386381927,-0.5924414478994955,0.020437194502735845,0.2317696855743961,0.14380660000006174,0.1378467082977295,success,0,True
275,27.6,1.770272516869187,0.10891863851227601,-0.570903516518309,0.020068397402178716,0.2153793138118649,0.13713569900028233,0.13047385215759277,success,0,True
276,27.700000000000003,1.7719317607531855,0.10785299906902003,-0.5508694331661409,0.019719730448484192,0.2003408335216806,0.14411329999984446,0.13791990280151367,success,0,True
277,27.8,1.7735843186826903,0.10683782925767331,-0.5322151972969955,0.019394631876471915,0.18654235869145355,0.14565390000007028,0.13851141929626465,success,0,True
278,27.900000000000002,1.7752296970786827,0.10586887158623695,-0.5148273598148244,0.019094892078861527,0.17387837482171098,0.13635119999980816,0.13023066520690918,success,0,True
279,28.0,1.7768678527131259,0.1049421445347009,-0.4986020346044202,0.018821203231212984,0.16225325210404234,0.13357410000025993,0.12759017944335938,success,0,True
280,28.1,1.7784991328729105,0.1040539309362818,-0.48343748592627817,0.018574171195839116,0.15164548678142034,0.13265679999994973,0.1254591941833496,success,0,True
281,28.200000000000003,1.7801238867595672,0.10320095486758397,-0.4692622956715358,0.018350458757145888,0.1417519025474235,0.14750770000000557,0.1415095329284668,success,0,True
282,28.3,1.7815196537412417,0.10249324770225565,-0.4560560657218288,0.015649328736369216,0.13206229949707052,0.1443395999999666,0.13741016387939453,success,0,True
283,28.400000000000002,1.7829298222601782,0.10180149479031718,-0.44374174973203484,0.015706996348681675,0.1231431598979392,0.15469789999997374,0.14721465110778809,success,0,True
284,28.5,1.7843650782338722,0.10111923199171932,-0.4321739254662369,0.01589164005499484,0.11567824265797914,0.14646019900010288,0.1402606964111328,success,0,True
285,28.6,1.785824089021897,0.10044625622190372,-0.42129541730670544,0.016067385805823706,0.10878508159531426,0.14000850000002174,0.133589506149292,success,0,True
286,28.700000000000003,1.7870742062640055,0.09988604467619344,-0.41108201586846244,0.013699014909708238,0.10213401438243014,0.15102989999968486,0.14510536193847656,success,0,True
287,28.8,1.7883614030668016,0.0993249321324176,-0.4015286387789654,0.014041805068833249,0.09553377089497066,0.1339508000000933,0.12725138664245605,success,0,True
288,28.900000000000002,1.7894623044384543,0.09885749351121131,-0.3925351097462698,0.011960278820756329,0.08993529032695578,0.14280250000001615,0.13683295249938965,success,0,True
289,29.0,1.7906243845282004,0.09837636740381765,-0.3840593903539921,0.012577410171414817,0.08475719392277696,0.14956449999999677,0.14383792877197266,success,0,True
290,29.1,1.7918529842290185,0.09787985662740126,-0.37606216670906945,0.013251340218815608,0.07997223644922684,0.16125949999968725,0.15482044219970703,success,0,True
291,29.200000000000003,1.7929054673224247,0.09746427964662721,-0.3685173858094463,0.011315586104374492,0.07544780899623123,0.1661297000000559,0.15751981735229492,success,0,True
292,29.3,1.7940280900303247,0.09703076936226189,-0.3614098057891754,0.012034171807578509,0.07107580020270925,0.16330640000023777,0.15610051155090332,success,0,True
293,29.400000000000002,1.7949885005060193,0.09666772147404244,-0.35464355873728076,0.010267385504423665,0.06766247051894635,0.1580988000000616,0.1502981185913086,success,0,True
294,29.5,1.7960337050282937,0.09628068248911788,-0.34829482124360206,0.011145634433419382,0.06348737493678729,0.16152129900001455,0.15474748611450195,success,0,True
295,29.6,1.7969283747874778,0.09595583030770782,-0.3422911060869464,0.009518208433132244,0.06003715156655646,0.221633600000132,0.21131229400634766,success,0,True
296,29.700000000000003,1.7977329722639568,0.09566913873767771,-0.33662732027212655,0.008541482046358219,0.056637858148198515,0.1611353000002964,0.15410399436950684,success,0,True
297,29.8,1.7985980737768492,0.09536639933267009,-0.3312529669375181,0.009165433841085324,0.05374353334608455,0.18626210000002175,0.1785416603088379,success,0,True
298,29.900000000000002,1.7993512610305378,0.09510735907618485,-0.3261418380455342,0.00796487848996445,0.05111128891983901,0.17327660000000833,0.16518115997314453,success,0,True
299,30.0,1.8000755993746422,0.09486237356331383,-0.32129505026040683,0.0076464628309865276,0.04846787785127384,0.18016110000007757,0.17306113243103027,success,0,True
300,30.1,1.8008256740151234,0.09461272825010521,-0.3166785964384601,0.007905281454191386,0.046164538219467685,0.15877799999998388,0.14992547035217285,success,0,True
301,30.200000000000003,1.8015057045269631,0.09438987729535615,-0.31227905355342567,0.007156144528064638,0.04399542885034401,0.15829199900008462,0.15172123908996582,success,0,True
302,30.3,1.8021611038316974,0.0941782867079317,-0.3080960393493272,0.006887080842655699,0.041830142040984376,0.15975459999981467,0.15249371528625488,success,0,True
303,30.400000000000002,1.8028359074356992,0.09396354432370387,-0.3041076759435049,0.00708148427631973,0.03988363405822297,0.16862069999979212,0.160444974899292,success,0,True
304,30.5,1.8034505474625169,0.09377064401594891,-0.30030012368313824,0.006441994188902168,0.03807552260366681,0.1606755000002522,0.15305781364440918,success,0,True
305,30.6,1.8040427197660647,0.09358726890712168,-0.29666870124518707,0.00619914887405153,0.0363142243795118,0.1577634999998736,0.1511070728302002,success,0,True
306,30.700000000000003,1.8046150596612316,0.09341231036663124,-0.2931969644925061,0.005984842909301631,0.03471736752680952,0.1550200000001496,0.1472640037536621,success,0,True
307,30.8,1.8051684098958085,0.0932452551603741,-0.28987588556629373,0.005780172350752763,0.03321078926212367,0.15975239999988844,0.15323328971862793,success,0,True
308,30.900000000000002,1.805703370874902,0.09308568827020845,-0.28669346573174387,0.005582515934502999,0.03182419834549846,0.15605009999990216,0.1493229866027832,success,0,True
309,31.0,1.8062203004236401,0.0929332895088564,-0.28369690003300435,0.005389262851450372,0.029965656987395135,0.14033700000027238,0.13416123390197754,success,0,True
310,31.1,1.8067200244745794,0.0927875893694177,-0.28082193202506284,0.005205311304039443,0.028749680079415158,0.15577449900001739,0.14791274070739746,success,0,True
311,31.200000000000003,1.8072028473850885,0.09264832178931633,-0.27807468417742015,0.005025071360486567,0.02747247847642704,0.14940989999968224,0.14299893379211426,success,0,True
312,31.3,1.8076692134669103,0.09251518781565313,-0.27547669738081093,0.0048499688371904945,0.02597986796609199,0.14167349999979706,0.13605093955993652,success,0,True
313,31.400000000000002,1.8081198631024338,0.09238780568859906,-0.2729586259991698,0.004683068441632463,0.02518071381641123,0.1339351000001443,0.12796401977539062,success,0,True
314,31.5,1.8085549552711562,0.0922660033773668,-0.2705629697518572,0.004518196524114144,0.02395656247312635,0.1648155000002589,0.15784621238708496,success,0,True
315,31.6,1.8089751134722156,0.09214946648328307,-0.268278978954527,0.004360203683317852,0.022839907973301456,0.16040659999998752,0.15328001976013184,success,0,True
