time,solve_mode,solver_status,u0,s,psdf,mf_probability_sum,mf_slack
0.0,sqp_rti,0,"[0.09056452018965973,-8.718693581871359e-10,0.09928019310986705]",0.025739407611827376,0.10499998927116394,"[-2.980232227667301e-09,-2.980232227667301e-09,-2.980232227667301e-09,-2.980232227667301e-09,-2.980232227667301e-09,-2.980232227667301e-09,-2.980232227667301e-09,-2.980232227667301e-09,-2.980232227667301e-09,-2.980232227667301e-09,-2.980232227667301e-09,-2.980232227667301e-09,-2.980232227667301e-09,-2.980232227667301e-09,-2.980232227667301e-09,-2.980232227667301e-09,-2.980232227667301e-09,-2.980232227667301e-09,-2.980232227667301e-09,-2.980232227667301e-09,-2.980232227667301e-09]","[null,2.9301207368324576e-13,2.9301207368324576e-13,2.9301207368324576e-13,2.9301207368324576e-13,2.9301207368324576e-13,2.9301207368324576e-13,2.9301207368324576e-13,2.9301207368324576e-13,2.9301207368324576e-13,2.9301207368324576e-13,2.9301207368324576e-13,2.9301207368324576e-13,2.9301207368324576e-13,2.9301207368324576e-13,2.9301207368324576e-13,2.9301207368324576e-13,2.9301207368324576e-13,2.9301207368324576e-13,2.9301207368324576e-13,5.460469692624983e-14]"
0.1,sqp_rti,0,"[0.06916779318783058,1.107532794832807,0.07510358045202402]",0.03379732842579376,0.10499998927116394,"[-2.980232227667301e-09,-2.980232227667301e-09,-2.980232227667301e-09,-2.980232227667301e-09,-2.980232227667301e-09,-2.980232227667301e-09,-2.980232227667301e-09,-2.980232227667301e-09,-2.980232227667301e-09,-2.980232227667301e-09,-2.980232227667301e-09,-2.980232227667301e-09,-2.980232227667301e-09,-2.980232227667301e-09,-2.980232227667301e-09,-2.980232227667301e-09,-2.980232227667301e-09,-2.980232227667301e-09,-2.980232227667301e-09,-2.98123170594522e-09,-2.980232227667301e-09]","[null,1.3562745344025067e-16,1.3562745344025067e-16,1.3562745344025067e-16,1.3562745344025067e-16,1.3562745344025067e-16,1.3562745344025067e-16,1.3562745344025067e-16,1.3562745344025067e-16,1.3562745344025067e-16,1.3562745344025067e-16,1.3562745344025067e-16,1.3562745344025067e-16,1.3562745344025067e-16,1.3562745344025067e-16,1.3562745344025067e-16,1.3562745344025067e-16,1.3562745344025067e-16,1.3562745344025067e-16,1.3562745344025067e-16,2.0351415080284117e-17]"
0.2,sqp_rti,0,"[0.07788888159806538,0.7091470988575637,0.08776746096731938]",0.039741672183402674,0.09698618203401566,"[-2.980232227667301e-09,-2.980232227667301e-09,-2.980232227667301e-09,-2.980232227667301e-09,-2.980232227667301e-09,-2.980232227667301e-09,-2.980232227667301e-09,-2.980165780819277e-09,9.93875343135997e-10,3.5662214650789004e-07,0.00010275707235832265,0.008059797156089787,0.1714347354740154,0.23815052685127186,0.11408906726026152,0.10867901985177292,0.11460810697759688,0.12415425309188982,0.1415658340085451,0.18098869443421456,0.26513696992638175]","[null,1.2931810950917564e-15,1.2931810950917564e-15,1.2931810950917564e-15,1.2931810950917564e-15,1.2931810950917564e-15,1.2931810950917564e-15,1.2931810950919583e-15,1.2931810901926904e-15,1.2931675356347413e-15,1.2954128215549338e-15,1.3390569655683134e-15,1.2911805093215202e-15,1.2896579272117776e-15,1.2929707754363308e-15,1.2923945237608767e-15,1.2913451015031154e-15,1.2744061158002174e-15,1.3164200126772616e-15,1.2919066479885585e-15,1.411132217773082e-16]"
0.30000000000000004,sqp_rti,0,"[0.10033237770858741,0.5454511121285147,0.09323523838864342]",0.049804149252626814,0.09132935851812363,"[-2.980232227667301e-09,-2.980232227667301e-09,-2.980232227667301e-09,-2.980232227667301e-09,-2.980232227667301e-09,-2.980232227667301e-09,-2.9616568641976926e-09,1.943356559008791e-09,2.7626382374801306e-06,0.0005783712829872112,0.012302832775559547,0.05934556869781488,0.11269460033079987,0.13700315099352772,0.11914937344339088,0.10859167677863996,0.11731357124849479,0.1371882972692134,0.18503932745035928,0.31915565964815223,0.5131971761699503]","[null,3.809349858640463e-12,3.809349858640463e-12,3.809349858640463e-12,3.809349858640463e-12,3.809349858640463e-12,3.8093498585424425e-12,3.809348578310045e-12,3.80808149869104e-12,3.803247776450483e-12,3.851409629886355e-12,3.777246886486179e-12,3.736517696261088e-12,3.7591367944820125e-12,3.796941609326089e-12,3.750645712766969e-12,3.7622186129096734e-12,3.780912616550467e-12,3.786930060119119e-12,3.761217361722615e-12,4.942592034234729e-13]"
0.4,sqp_rti,0,"[0.07874067677619284,0.8344438968126193,0.08533015933319332]",0.057049049301145724,0.08602431416511536,"[-2.980232227667301e-09,-2.980232227667301e-09,-2.980232227667301e-09,-2.980232227667301e-09,-2.9802319778671205e-09,-2.589428810262362e-09,-4.49366979737853e-09,2.4406990993403044e-05,0.00125536397831294,0.01305119808355254,0.05085501712490742,0.10666821149138955,0.157131322435,0.18704547939240862,0.22362826620156345,0.2721276665484467,0.3363078815125993,0.4366477869060706,0.5411632644030255,0.624295835786169,0.6779179752552833]","[null,7.289146866361127e-17,7.289146866361127e-17,7.289146866361127e-17,7.289146866361127e-17,7.289146865714892e-17,7.289137554116887e-17,7.307282931507675e-17,7.301646666197097e-17,7.361618033665635e-17,7.303159591331242e-17,7.219971608689169e-17,7.332628695845431e-17,7.24679591370088e-17,7.261676183435619e-17,7.284679127840291e-17,7.25572405379592e-17,7.256808195238485e-17,7.265799013167296e-17,7.265061408621823e-17,8.233326964796855e-18]"
0.5,sqp_rti,0,"[0.10740891230050749,0.38972012994682337,0.10033855388996334]",0.06639516807140669,0.07919512689113617,"[-2.980232227667301e-09,-2.980232227667301e-09,-2.980232227667301e-09,-2.980232227667301e-09,-2.980228702709198e-09,-9.164899505975654e-09,2.676450073513248e-07,0.00012620349026051803,0.010911374843187105,0.0930655866858126,0.19039298114554876,0.18677812550644096,0.13944695651403177,0.1499545626905186,0.18318813610321732,0.22689158024915895,0.2972147874829632,0.4081233196879593,0.5606953831950807,0.7384712886898892,0.7776065525337053]","[null,8.232579032348985e-14,8.232579032348985e-14,8.232579032348985e-14,8.232579032348985e-14,8.23257895250473e-14,8.23230736703877e-14,8.208320896765507e-14,8.318933178204716e-14,8.083737591075088e-14,8.032751382578887e-14,8.089850457852924e-14,8.236227725333103e-14,8.120829172520347e-14,8.05866373845205e-14,8.096068677588706e-14,8.110761570672123e-14,8.059811776541617e-14,8.033638140240133e-14,8.082057271849449e-14,9.442166350362016e-15]"
0.6,sqp_rti,0,"[0.09180490110814757,0.9446963012499016,0.08866864771534197]",0.07596904515652289,0.07364706695079803,"[-2.980232227667301e-09,-2.980232227667301e-09,-2.980232227667301e-09,-2.980206303959676e-09,-2.7685108927588686e-09,2.412887705777189e-06,0.00020428933365546076,0.0024217590957689994,0.010185263217168616,0.025106722520690627,0.04552682494796484,0.06945479073616917,0.09703271458122159,0.13714056928868584,0.198207105889104,0.29059004687548456,0.4715104811937188,0.6562639919230555,0.7821414926701784,0.8658356111756598,0.883992301993515]","[null,1.808264134337412e-16,1.808264134337412e-16,1.808264134337412e-16,1.8082640739063753e-16,1.808141908651839e-16,1.8063898045101456e-16,1.8047566883608634e-16,1.8091041435680693e-16,1.8089977769785566e-16,1.803968606903733e-16,1.8105718083033087e-16,1.7971406469931065e-16,1.8657471104523767e-16,1.7714533788695578e-16,1.805978384284741e-16,1.8047825606397974e-16,1.8033509465278384e-16,1.803808359473563e-16,1.8039116025757684e-16,1.9484081798944567e-17]"
0.7,sqp_rti,0,"[0.10973061071795863,0.4416678408450315,0.09490029541668221]",0.0857664577507196,0.0655953586101532,"[-2.980232227667301e-09,-2.980232227667301e-09,-2.980232227667301e-09,-2.8870604518171916e-09,8.253251815304452e-08,8.582800521411693e-05,0.013149961183688996,0.1933465605532046,0.4206233576059731,0.3563889792193196,0.22751704210858242,0.207185711704238,0.22266220435395417,0.2588997962479154,0.3521454976018544,0.5023461826684013,0.6744507964748958,0.8304522089166919,0.833049110334178,1.0306131342133813,0.9360631227389866]","[null,6.837374831403081e-15,6.837374831403081e-15,6.837374831109044e-15,6.837346129601804e-15,6.8507328209423364e-15,6.830892901722034e-15,6.817204906142877e-15,6.81003339271471e-15,6.8219152457909635e-15,6.982338807068327e-15,6.825974083602608e-15,6.793590718481675e-15,6.890519839811548e-15,6.8642861962347985e-15,6.8107816947726474e-15,6.771468316183573e-15,6.863784403073347e-15,6.837374831891796e-15,6.8373748318926036e-15,7.603574591944626e-16]"
0.7999999999999999,sqp_rti,0,"[0.11698956528791252,0.49602673613624826,0.10098123646392687]",0.09725309284721163,0.05875580385327339,"[-2.980232227667301e-09,-2.980232227667301e-09,-2.9698429826474637e-09,2.5792186011952545e-07,0.0003241928175307107,0.006326035640539185,0.023917338474624128,0.04613057427932771,0.06674562148078717,0.08768658082244168,0.11653048334126598,0.1680078666862535,0.24476155668437355,0.37335609689574484,0.5664645470262399,0.7117068106788629,0.8180178765333561,0.8910632360591746,0.914586469042012,0.9454361186414337,1.1262890474672032]","[null,2.434728191031534e-14,2.434728190948816e-14,2.4345543960954527e-14,2.4125353717331458e-14,2.4061131242768074e-14,2.4123613421922446e-14,2.3635014937680704e-14,2.363349478485643e-14,2.4070523994504024e-14,2.449638537176938e-14,2.374675432574416e-14,2.3416025950203173e-14,2.3319337944284813e-14,2.328723504935709e-14,2.32940080002561e-14,2.3300963511240276e-14,2.331940261965798e-14,2.3194857554490687e-14,2.351290617274548e-14,3.2610136498085236e-15]"
0.8999999999999999,sqp_rti,0,"[0.10264726722094537,0.39985700211476866,0.08477090344426523]",0.1071512812524267,0.05106377974152565,"[-2.980232227667301e-09,-2.980232227667301e-09,8.47962755567977e-08,0.0011507635531126104,0.04511052822376033,0.16100820992024795,0.18756209767315452,0.14438386442059709,0.14698865594540483,0.1778540877238582,0.2439552326767223,0.3764207780333944,0.5622818863128376,0.7593237222751525,0.6844392319143047,0.6360302983628372,0.6149942387532208,0.5537343148107883,0.3434249079621415,0.3410043554142382,0.6978771146869251]","[null,1.1714705258285013e-13,1.171453073213258e-13,1.165578696274228e-13,1.1639939719242323e-13,1.1620593288158775e-13,1.1762932887780594e-13,1.2217412895361478e-13,1.1521169362482253e-13,1.1907380312817452e-13,1.1635172866026794e-13,1.166672575149639e-13,1.1646048616037895e-13,1.17147052566233e-13,1.17147052566233e-13,1.171470525662314e-13,1.1714705256623543e-13,1.1714705256626694e-13,1.171470525662524e-13,1.171470525662532e-13,1.515639201809902e-14]"
0.9999999999999999,sqp_rti,0,"[0.13779215380748838,0.27026506396902433,0.12080096060592226]",0.11833157027976691,0.044187240302562714,"[-2.980232227667301e-09,-2.9802262879741193e-09,2.0537855259239457e-06,0.0027787362960742523,0.042907379051214056,0.12829241684886333,0.19615388922970728,0.21850098495985898,0.2665930093752065,0.34480092089017306,0.5107425267685517,0.6403608572852437,0.7430096426476658,0.7469213417412284,0.7846961688888687,0.8293000411048703,0.8646835304026286,0.8666606856589445,0.8605059276150124,1.3433917497948105,1.7536929126141636]","[null,4.852894669573798e-17,4.8525547968120745e-17,4.877414466604939e-17,4.8789226276149646e-17,4.843195618635167e-17,4.848143781393951e-17,4.8531606733296746e-17,4.848794515011441e-17,4.86009152508963e-17,4.8686387790471866e-17,4.877872426992364e-17,4.852894669573798e-17,4.8528946696545773e-17,4.8528946696545773e-17,4.8528946696545773e-17,4.8528946696545773e-17,4.940359000045332e-17,4.9030722677843364e-17,4.851126695172337e-17,5.592422628459013e-18]"
1.0999999999999999,sqp_rti,0,"[0.10073102840856901,0.9540729983750684,0.08062829071027157]",0.1300405876942635,0.03715274855494499,"[-2.980232227667301e-09,2.6733611512008704e-06,0.006671526753442902,0.02809503373435779,0.04179414428323974,0.06567236315290487,0.10270732809086774,0.19032417790893402,0.37301130010168465,0.6196792962247997,0.6451283051741938,0.5374095551772402,0.4708649480603782,0.435046535778233,0.4326555911369299,0.5085259992392934,0.6677862710140963,0.6290705078645054,0.807027653670892,0.9561355350446117,0.9925209368180361]","[null,1.6498057659157666e-12,1.646916151853323e-12,1.6572901499493887e-12,1.6642717473076438e-12,1.648433588411228e-12,1.654225878222566e-12,1.6786027217810037e-12,1.627387186158353e-12,1.6294573705649277e-12,1.6504352367420635e-12,1.6504352367453343e-12,1.6504352367432179e-12,1.6504352367432187e-12,1.6504352367432187e-12,1.6504352367432187e-12,1.6504352367432187e-12,1.6261988831392672e-12,1.6373116255963263e-12,1.6504352367452866e-12,1.8511736961036085e-13]"
1.2,sqp_rti,0,"[0.13165536978423237,0.4207230045631063,0.12470934405332147]",0.13847905194418483,0.0290108360350132,"[-2.980232227667301e-09,3.13351580444321e-06,0.03391346408918122,0.4077757453316398,0.7121285943441549,0.7547708186822468,0.7563356409491779,0.7061427445917603,0.6772278061445751,0.6545965422037303,0.6495455202613183,0.6609300222679855,0.6863832767165019,0.7236762475811991,0.7676150890016069,0.8156151806872403,0.8666802387260721,0.9438113052335726,1.918746004028155,1.2741844790642431,0.8973077801081615]","[null,4.686827798445149e-15,4.708831980607901e-15,4.5807467195369914e-15,4.592184081347482e-15,4.567433154710771e-15,4.691247380388842e-15,4.691247380390457e-15,4.691247380372686e-15,4.691247380388034e-15,4.691247380380764e-15,4.691247380368647e-15,4.691247380371878e-15,4.691247380372686e-15,4.691247380372686e-15,4.691247380372686e-15,4.691247380372686e-15,4.69124738037107e-15,4.573905889460206e-15,4.564500595607104e-15,5.30241162240213e-16]"
1.3,sqp_rti,0,"[0.1031044684804546,0.39771194133652704,0.07927526057259852]",0.15158531274470147,0.02458319067955017,"[-2.980232227667301e-09,0.006880285988324741,0.05925482632722151,0.10439927745849858,0.16370317062627554,0.22631039801761005,0.3289446626662543,0.4552656390221766,0.6092500026175667,0.7575004343584089,0.8428700048968991,0.8090356704029051,0.8560648180715151,0.9662788084287885,1.0481943819296873,1.0594343379105993,0.9905429352763988,0.9121556772638557,0.9040905156372661,0.858257351907693,0.8960664984853655]","[null,5.731146865720242e-17,5.936502724431098e-17,5.861668196376348e-17,5.727329760488935e-17,5.958219397247916e-17,5.966925125843803e-17,5.902337865344372e-17,5.835945308441984e-17,5.816382933745726e-17,5.836710946493845e-17,5.836710946493845e-17,5.836710946493845e-17,5.836710946574625e-17,5.836710946574625e-17,5.836710946574625e-17,5.836710946574625e-17,5.836710946493845e-17,5.836710946493845e-17,5.836710946493845e-17,8.655712240764539e-18]"
1.4000000000000001,sqp_rti,0,"[0.1524982726283502,0.2072177684714594,0.14305784174365357]",0.16091247954192278,0.02200787514448166,"[-2.980232227667301e-09,0.0014125719116113156,0.031051870095917533,0.0942281756230437,0.17882458177212818,0.28415996264508064,0.491198583575234,0.6340777457657125,0.7434589373142522,0.8162688393158353,0.8742129462234718,0.8943958595734818,0.8961128855416038,0.9052675946896052,1.0125306397905856,1.3849077680215227,1.5816460531427168,1.4761088016414454,1.2178984048144315,1.1039422480759506,1.0651768234437475]","[null,1.9581240210739924e-12,1.9605035997324374e-12,1.9478362076162584e-12,1.9487536727669046e-12,1.936602078661032e-12,1.9297158617818582e-12,1.931244414687421e-12,1.9623634681130725e-12,1.962363468112991e-12,1.9623634681128624e-12,1.9307974890307757e-12,1.933187152606181e-12,1.9323324203540164e-12,1.9975321027109753e-12,1.933787162454992e-12,1.9338004510492874e-12,1.9296294779033848e-12,1.9511170132846133e-12,1.9623634681128624e-12,2.35972219799626e-13]"
1.5000000000000002,sqp_rti,0,"[0.09819870150029034,1.132243708101539,0.10660585697036666]",0.17133904082248538,0.020939767360687256,"[-2.980232227667301e-09,0.02239949914435041,0.08823604926704204,0.15387484371948884,0.2778049012421964,0.506989323799538,0.6718465209275732,0.7418761064387904,0.6585681127395613,0.6394424345165743,0.6333737531030426,0.6276115231607411,0.6521072299910127,0.7453963516336566,0.9057643822708956,1.1385035678898097,1.0728527109262227,0.9925965314323439,0.9302550909603908,0.9116420109206886,0.9439983251103763]","[null,6.309972319734288e-11,6.312246792808638e-11,6.327320886627699e-11,6.31561407257422e-11,6.311487083410239e-11,6.310600227434566e-11,6.312623214555644e-11,6.31262321455831e-11,6.312623214558301e-11,6.31262321455829e-11,6.312623214558476e-11,6.312623214558186e-11,6.312623214556822e-11,6.312623214557483e-11,6.312623214556056e-11,6.312623214558435e-11,6.312623214556367e-11,6.312623214556553e-11,6.31262321455829e-11,6.339113667570154e-12]"
1.6000000000000003,sqp_rti,0,"[0.12395343102418602,0.5174567922839035,0.14219272877372074]",0.18516378483114349,0.015725865960121155,"[-2.980232227667301e-09,0.008288460715297596,0.16036180589391852,0.4203588344811376,0.6376221278649135,0.6579584530023179,0.7342962662392112,0.8050182580974985,0.8650862309765117,0.9218306065597213,0.9536625569387531,0.9306129610801566,1.1262802984220375,1.6349866023608584,1.5428634490032926,1.1910582514259047,1.0460248679517476,1.060707725642725,1.0513570621155912,1.0355041516783603,1.0356983936271877]","[null,1.6374739751200964e-13,1.6644358194046286e-13,1.679093916947184e-13,1.6429037485944565e-13,1.6429037485939395e-13,1.6429037485922593e-13,1.6429037485938103e-13,1.6429037485874772e-13,1.6429037485907083e-13,1.622459639241398e-13,1.6252319932875447e-13,1.6508005664898719e-13,1.6278264770177374e-13,1.6267457289446948e-13,1.6197589157627309e-13,1.6778275047311408e-13,1.642903748591613e-13,1.6429037485854092e-13,1.642903748589545e-13,2.138817931595735e-14]"
1.7000000000000004,sqp_rti,0,"[0.09660521313391632,0.446385373707291,0.11021399186156744]",0.19379090892747905,0.013720784336328506,"[-2.980232227667301e-09,0.076307777755176,0.17649470956597108,0.34622565245335385,0.6144544660878053,0.8056905738209996,1.1167556192294235,1.5263261580562524,1.6701718129416079,1.5635074223214758,1.3521917616439765,1.1307445135923373,0.9109258365046109,0.8870525934197999,0.8500741886318879,0.8388715030267004,0.9833765445923579,1.0084921050519717,0.876723859628773,0.818088140004926,0.8568782378188764]","[null,5.541606434088796e-15,5.514705404184937e-15,5.8751034468054404e-15,5.739769791530253e-15,5.650396819753794e-15,5.551755562635646e-15,5.596621603055554e-15,5.596621603042629e-15,5.596621603055554e-15,5.596621603042629e-15,5.596621603042629e-15,5.596621603068478e-15,5.596621603042629e-15,5.596621603068478e-15,5.596621603042629e-15,5.596621603120177e-15,5.596621603068478e-15,5.596621603068478e-15,5.596621603068478e-15,5.977254048121316e-16]"
1.8000000000000005,sqp_rti,0,"[0.15010369115129368,0.03921057131252176,0.09550091203476309]",0.2018036638098778,0.012295693159103394,"[-2.980232227667301e-09,0.05268622952172325,0.18608097610758528,0.000370726447025016,0.6943270159167525,0.6941758837758794,0.8206388486516845,0.867787246964508,0.8069691971305086,0.7534375535608226,0.8754203313669293,0.9546098309257942,0.7745036684279707,0.7258461839721331,0.7230696019026712,0.7638735360938147,0.8234678468577019,0.8498217017462533,0.8202854047255583,0.8157365073039624,0.8333537261094999]","[null,1.177182640723121e-12,1.1917955692715462e-12,1.2183192157970906e-12,1.176960382575989e-12,1.1769603825750326e-12,1.1769603825761829e-12,1.1704549018248333e-12,1.1707870568119047e-12,1.1701195655077305e-12,1.1725657575436712e-12,1.1706690405517792e-12,1.1891314831515627e-12,1.2219364391550756e-12,1.174364628307077e-12,1.1723266205649506e-12,1.1750859311578512e-12,1.1769603825751101e-12,1.1769603825751101e-12,1.1769603825751101e-12,1.2433148095251263e-13]"
1.9000000000000006,sqp_rti,0,"[0.07503397562134033,0.5763174080597757,0.07990422511764236]",0.21483806807311484,0.012223877012729645,"[-2.980232227667301e-09,0.1518198705507688,0.20557158826725336,0.20677605478875166,0.3369815975349029,0.1279453828164943,null,null,null,null,null,null,0.1634565108471449,0.4319731653611381,0.3674971761456021,0.32112895235856415,0.3084581075054576,0.35904843211165344,0.45119961767414446,0.5397145159507224,0.6552338112260212]","[null,3.844546042242599e-12,3.867387558119212e-12,3.898212826196406e-12,3.899691693412961e-12,3.8772883041944315e-12,3.949878501125923e-12,3.949878501111602e-12,3.949878501121516e-12,3.949878501128146e-12,3.949878501121516e-12,3.949878501121516e-12,3.850222207524963e-12,3.8493751664613865e-12,3.95596111973113e-12,3.853939176128877e-12,3.842005757894411e-12,3.8483791987846e-12,3.861925032051045e-12,3.887197416331612e-12,4.4019885259631297e-13]"
2.0000000000000004,sqp_rti,0,"[0.1315215832716793,0.18624897637073862,0.11523499655988917]",0.22530980117087757,0.011499568819999695,"[-2.980232227667301e-09,null,-2.980232227667301e-09,0.15011357984073898,1.1958573348236357e-07,0.06261457172891466,0.12741743599546568,0.11716671506868864,0.16287768746049452,0.24255878376116408,0.3127554402591198,0.3716136744410495,0.5307990319592999,0.563455200197233,0.6941690161918224,0.5322560444052067,0.7041067331115165,0.7877932552928797,0.8007357449446466,0.7442068101589185,0.5232019314740091]","[null,6.823735213630844e-13,6.823735213201744e-13,6.78767399290845e-13,6.823691083404027e-13,6.791209251484985e-13,6.805466011730746e-13,6.795184992183089e-13,6.790005539773923e-13,6.783501191906987e-13,6.782030266497376e-13,6.789927347785452e-13,6.787742676526607e-13,6.801359550847055e-13,6.823735213632912e-13,6.823735213632654e-13,6.823735213633429e-13,6.823735213631878e-13,6.823735213632912e-13,6.823735213632912e-13,6.901881508185906e-14]"
2.1000000000000005,sqp_rti,0,"[0.08342999314260303,0.9061045697529857,0.08721744235681028]",0.2354317165384434,0.011470187455415726,"[-2.980232227667301e-09,0.16328448045406035,0.27959040678025,0.2423393252777955,0.32525862674929745,null,null,0.0015094575445448732,0.08625070266645213,0.28473125164923624,0.2929276635076697,0.24116683191864557,0.24316240342583223,0.26182993013695627,0.38216434002821337,0.46844257744812684,0.5231573380424841,0.6053549053947032,0.6906918296366633,0.7679012065907169,0.843108532171496]","[null,6.068736466832707e-11,6.100358088763983e-11,6.065429286050137e-11,6.074924079322841e-11,6.151710722275374e-11,6.151710722275086e-11,6.081548733018483e-11,6.072172006788331e-11,6.041835996534491e-11,6.110959371200088e-11,6.408423638772206e-11,6.132271089251059e-11,6.101152175905898e-11,6.092115351460578e-11,6.082680559759596e-11,6.074369075434781e-11,6.064442107768358e-11,6.106721323882962e-11,6.151710722275113e-11,7.0192107960277216e-12]"
2.2000000000000006,sqp_rti,0,"[0.09237161690839886,0.45662821755192035,0.10320058408605459]",0.24417803754829692,0.011803150177001953,"[-2.980232227667301e-09,0.056679146229095256,null,0.18979868203402078,null,0.1078662915926259,0.21829259213564783,0.042782019987738285,0.1248544551560638,0.2951217894565275,0.43789486421939544,0.8192900109644341,0.4980204539098672,0.5285671462941817,0.5274858824221169,0.5204548318712099,0.5324306918232498,0.5579065161808978,0.598850904719759,0.6188199869052229,0.9055660516258726]","[null,1.5051816774870878e-16,1.5129450791503443e-16,1.508293496313324e-16,1.5129450791503443e-16,1.5044883082020168e-16,1.5022573033452757e-16,1.509014679934233e-16,1.5031457987207342e-16,1.500947352080644e-16,1.510670320833596e-16,1.50069865596433e-16,1.5017543165282733e-16,1.5013474179839053e-16,1.501224331182312e-16,1.5038676787243213e-16,1.513751688298051e-16,1.4975797351463e-16,1.5048249281890725e-16,1.5189025904400327e-16,1.642949947134826e-17]"
2.3000000000000007,sqp_rti,0,"[0.10923617915455869,0.6912935919049398,0.11712935008387128]",0.2541541115009502,0.012215986847877502,"[-2.980232227667301e-09,0.10888269359920671,0.2518133108094281,null,0.09227195795027116,0.14470879034899548,0.09369445812102556,0.17161830265181593,0.4510971371511701,0.4046898915050619,0.30671897344257354,0.288151410592503,0.3295572814142785,0.36808862392799396,0.3971237617985263,0.47102672277260266,0.5968150224573194,0.7130182371895166,0.7200052349379014,0.4987316439413812,0.46545040464137505]","[null,3.850138158992801e-11,3.867543599704188e-11,3.871464977441099e-11,3.853408535004976e-11,3.852074231828788e-11,3.8544384349506286e-11,3.862604290172099e-11,3.849979089020811e-11,3.8448014377452476e-11,3.8460161509642504e-11,3.8539680826957054e-11,3.863421589849185e-11,3.915246630823883e-11,3.832269484121528e-11,3.8454361529631155e-11,3.845676412637639e-11,3.880553439850544e-11,3.871464977441417e-11,3.8714649774438106e-11,4.382779600987519e-12]"
2.400000000000001,sqp_rti,0,"[0.09081425538836299,0.2824094250158901,0.10571231740283356]",0.2656622703860509,0.013368360698223114,"[-2.980232227667301e-09,0.12742792296583333,0.1209761672009913,0.03749727324633928,null,0.017385259650470275,0.07965036923840324,2.525893389809797e-06,0.009643238739533377,0.07832458555316252,0.13782203639078788,0.19134637707124363,0.23105962895095972,0.2503334990989206,0.2634410038533151,0.3020453664744716,0.35995466985289576,0.4278367375770367,0.5371824771215203,0.8339001274426228,0.7336295778920803]","[null,7.410034331949839e-17,7.412522955229023e-17,7.427915510761034e-17,7.480072995252183e-17,7.434249318014353e-17,7.510986315433742e-17,7.475360184118481e-17,7.430835127451101e-17,7.415613698785721e-17,7.408498614273967e-17,7.407497353501502e-17,7.404404012080693e-17,7.40493551052094e-17,7.405288372845558e-17,7.404512217644572e-17,7.418621467079693e-17,7.403725425417897e-17,7.59521748260739e-17,7.432275525486073e-17,7.952704994244438e-18]"
2.500000000000001,sqp_rti,0,"[0.09438998210216766,0.7407575192576117,0.08881852017215311]",0.27796924133871237,0.01401561126112938,"[-2.980232227667301e-09,0.059271777407685466,0.20506886082594616,null,0.04315049247599562,0.0793077643239018,0.006857841224725381,0.15394821794170072,0.13196985720961224,0.14528847611018653,0.16824485427885366,0.2002463735765993,0.21392716271786943,0.23264322759498085,0.2852541160095832,0.3754401166131152,0.5193773016704857,0.6362966641065726,0.5845780133085199,0.5242441769248651,0.515334009896806]","[null,7.993182799477175e-17,7.996874036092026e-17,8.018554416682586e-17,8.014033206428145e-17,7.984309529648742e-17,8.05412704879926e-17,7.992258399293253e-17,7.983654498246359e-17,8.019486327407976e-17,7.995203871839811e-17,7.976972014977803e-17,8.027457298284479e-17,8.037746656085162e-17,8.056412644474502e-17,7.983981803274988e-17,8.012950093549129e-17,8.063852960893476e-17,8.018554415390116e-17,8.018554415390116e-17,9.749906814523485e-18]"
2.600000000000001,sqp_rti,0,"[0.1368397173909138,0.25669134268493704,0.1671767046036997]",0.28742860733216635,0.016187049448490143,"[-2.980232227667301e-09,0.03632577960093536,-2.980232227667301e-09,0.011266764238583138,0.02622643085310622,0.11366679116885053,0.197110995320881,0.19332502164899773,0.2497895657452432,0.2998230906920803,0.35327685476365894,0.3831226286003762,0.40100826581977495,0.42698820143500243,0.4511909515334452,0.4854545415781882,0.5219994934044274,0.6583325994680103,0.8636608796901961,0.731641117450655,0.6514997664285846]","[null,5.344530670279723e-15,5.358412185285829e-15,5.360191832417424e-15,5.350791987488975e-15,5.34763718411881e-15,5.356742324809232e-15,5.345780395984445e-15,5.340564772452528e-15,5.3434177805271665e-15,5.345380509249797e-15,5.340839839164318e-15,5.341366297295825e-15,5.340278922808142e-15,5.339680662013195e-15,5.343211651448292e-15,5.345416336161112e-15,5.407464107027575e-15,5.363251392925852e-15,5.338579385469311e-15,5.588433716744153e-16]"
2.700000000000001,sqp_rti,0,"[0.14320463053916593,0.33811747307673906,0.16248765646618757]",0.30093373139420176,0.017212998121976852,"[-2.980232227667301e-09,0.08779722014633046,0.6416522624292333,-2.980232227667301e-09,0.04142465020959457,0.007312025776407716,4.706084486799655e-06,0.04680373590523318,0.1579856029090359,0.37172328707435637,0.5561239084861096,0.5393617458388753,0.4724747568466999,0.4543887369048026,0.6193865889097132,1.269328662488239,1.5317425122683452,1.0453903286373396,0.7407648679835137,0.5603814667234068,0.2115466533893205]","[null,9.86148265289869e-15,9.874275965899045e-15,9.877679570621841e-15,9.873364419063423e-15,9.876641788781865e-15,9.878769504044044e-15,9.871862736036778e-15,9.856098059417411e-15,9.860258948780416e-15,9.85939609707407e-15,9.877679570863371e-15,9.877679570863977e-15,9.877679570863573e-15,9.877679570864987e-15,9.877679570863775e-15,9.85562018970464e-15,9.860433164707e-15,9.877679570862362e-15,9.85818924401226e-15,1.001738574600703e-15]"
2.800000000000001,sqp_rti,0,"[0.11571607276739479,0.12406563617830677,0.13806287903871609]",0.3141444953143363,0.0189858078956604,"[-2.980232227667301e-09,0.07071855777302166,0.12946379209912956,2.8817705650385772e-05,0.018352155819246818,0.02705723168626878,0.053421435680558294,0.08586576791880002,0.08617559286956872,0.09446412875537985,0.14605605801519844,0.19754792567738805,0.34633563688716223,0.42772394105485106,0.4302380561767272,0.42994552800494185,0.4782137152134894,0.5254799290127774,0.6134919842251676,0.6651437584235491,0.6528114924654467]","[null,8.553246280216987e-14,8.473179745125197e-14,8.489650908566195e-14,8.565382444861559e-14,8.453883868087292e-14,8.474733269913914e-14,8.472757170488584e-14,8.44562090246615e-14,8.416114719900688e-14,8.466778403838628e-14,8.399976403967262e-14,8.491855291486995e-14,8.508623480131037e-14,8.492135728875809e-14,8.455808647190891e-14,8.470213534713892e-14,8.465287405973464e-14,8.482549164992169e-14,8.469317733024506e-14,9.545234505180144e-15]"
2.9000000000000012,sqp_rti,0,"[0.061008684139956706,0.8246749020630267,0.10153770555062008]",0.32677632181022515,0.01976163685321808,"[-2.980232227667301e-09,0.010636022350017316,0.05896991059072115,0.09962431122396681,0.112103625266957,0.15361251842590723,0.18511216021606353,0.19913974785588723,0.20143320781467966,0.2216677981103567,0.2563584097321326,0.2993362303031389,0.3510030239556999,0.4058785365058924,0.5860339601494935,0.847063561808947,0.7717550000868323,0.6222631130119278,0.6285227213103715,0.6662687927105633,0.7043982913780058]","[null,3.932542874211741e-16,3.929741130176089e-16,3.9277492678979303e-16,3.9309217243099385e-16,3.930535810100777e-16,3.930458211316899e-16,3.9301518702678355e-16,3.930018077976766e-16,3.9300294020571376e-16,3.930154265057188e-16,3.9301207739419607e-16,3.9302339534810973e-16,3.9324835626254203e-16,3.9325857664320344e-16,3.927263482425964e-16,3.927788777775992e-16,3.9573019951620323e-16,3.986857526524992e-16,3.941590426936581e-16,3.999600000440795e-17]"
3.0000000000000013,sqp_rti,0,"[0.14583214647114776,0.37842579134508536,0.15460209570388334]",0.3339775347999349,0.02516227215528488,"[-2.980232227667301e-09,-2.980232227667301e-09,0.0005739223376284852,0.003507359211574246,0.1366973813872459,0.4196836745740516,0.43232018794487886,0.2572923725543255,0.1634734054750469,0.1504702176739317,0.216680795594636,0.3645405068980779,0.5626663103929352,0.5700426902074855,0.5094407785088417,0.5457432833128102,0.6376097148914999,0.41815787839319135,0.30607270198168585,0.32094184651988106,0.36369515980284267]","[null,3.187427524218248e-11,3.187192495010585e-11,3.1828795204322947e-11,3.18933626657577e-11,3.1860176413837005e-11,3.187427524171407e-11,3.1874275241713763e-11,3.1874275241714183e-11,3.1874275241714183e-11,3.187427524171502e-11,3.187427524171433e-11,3.1874275241713977e-11,3.187427524171402e-11,3.1874275241714584e-11,3.187427524171487e-11,3.187427524171513e-11,3.187427524171352e-11,3.187427524171393e-11,3.1874275241714306e-11,3.416568703942879e-12]"
3.1000000000000014,sqp_rti,0,"[0.07286633038917616,0.304265149043413,0.14429594091214468]",0.34915592561103886,0.023422250524163246,"[-2.980232227667301e-09,0.0014242276630438422,0.0393191210842499,0.06933832973775528,0.134070156610904,0.19285702119416542,0.22687239883450588,0.22424006299409954,0.23047242626961123,0.2706418642895752,0.3247739550503786,0.3765362008483402,0.45108213957994786,0.5627420301973991,0.6241694369829129,0.6077069022464066,0.5898808198657732,0.585982384031692,0.5826450421416769,0.5769370079913398,0.5600247172135362]","[null,1.9151733073253375e-13,1.9227684897842777e-13,1.9297309920236717e-13,1.9117055320268843e-13,1.903377719595556e-13,1.9008164218894163e-13,1.9004998273846403e-13,1.9002990441430355e-13,1.8996098019236365e-13,1.8988187468072632e-13,1.8992090954014964e-13,1.9150306216629673e-13,1.9406256424582966e-13,1.8929507882794226e-13,1.9647019932136413e-13,1.9216704939021632e-13,1.9010266360061438e-13,1.8987617983870145e-13,1.9602352928365923e-13,2.0582340165926814e-14]"
3.2000000000000015,sqp_rti,0,"[0.16350949070824858,0.2141588573084794,0.17972239099140658]",0.3558318727247146,0.020981600508093834,"[-2.980232227667301e-09,-2.980232227667301e-09,-2.980232227667301e-09,0.00034136672070383955,0.10488660848259351,0.3046375763579688,0.4830136416525173,0.7049685126030978,0.565413748586441,0.5600410573336407,0.9320547577903653,0.41023813150923943,0.3683590972263027,0.5461293881339724,0.7176584142720468,0.7580590055215246,0.748204890176617,0.7438151784317089,0.762617823704766,0.6708191573981181,0.4135830354757822]","[null,1.6095851226783498e-14,1.6095851226725337e-14,1.6086681128413828e-14,1.6114861485320402e-14,1.6071973837399548e-14,1.6087365252824643e-14,1.616150302873581e-14,1.6095851227190626e-14,1.6095851227190626e-14,1.609585122719709e-14,1.6095851227029067e-14,1.609585122708723e-14,1.6095851227029067e-14,1.60958512272811e-14,1.6095851227358647e-14,1.6095851226996756e-14,1.609585122714539e-14,1.609585122714539e-14,1.6095851227210013e-14,1.7256261261455494e-15]"
3.3000000000000016,sqp_rti,0,"[0.12606613817991152,-0.026306326876306713,0.173756350564444]",0.3716016585030463,0.018448978662490845,"[-2.980232227667301e-09,0.004869467996687915,0.038160160803860255,0.04182683737694487,0.06083439180340805,0.09255329821902764,0.09288210175394057,0.25743378457868077,0.29477844120554836,0.26751048126021254,0.2844609049631142,0.46131103069763674,0.4079138059061245,0.35186805611966904,0.404268120968621,0.4668973509426711,0.5248657887273287,0.5711361563464974,0.5967289712523713,0.6176989885608826,0.8298266295909975]","[null,1.0028861425604121e-16,1.0006477827109321e-16,1.0006034745875503e-16,1.0001399898453238e-16,1.0010876819489553e-16,1.0035526607226942e-16,9.99218176216403e-17,9.997440292135933e-17,1.0048474292164294e-16,1.0197368974419182e-16,9.988843941050832e-17,9.988996773654994e-17,1.0025676809972595e-16,1.0168290724053534e-16,1.0096907981436201e-16,1.0086402098770423e-16,1.0051284222766432e-16,1.0048377304591237e-16,1.0064769485921534e-16,1.090944252703556e-17]"
3.4000000000000017,sqp_rti,0,"[0.1880914225615613,-0.42160774510181254,0.154487000742485]",0.38889810811091596,0.01759585738182068,"[-2.980232227667301e-09,0.00015383910705346615,0.016664783188541865,0.04954850646100423,0.0794948506770215,0.14272199860882823,0.20720472300787202,0.2753348568567667,0.3441452465617932,0.4297163136393685,0.5027744470610436,0.5581033074730299,0.5909976625838425,0.5965228351439229,0.5721731463655171,0.6251968594933739,0.6999020469749258,0.7940425393872566,0.6691445604191173,0.5461827655810987,0.5095264160984281]","[null,5.722287954632488e-16,5.729990201605212e-16,5.707350791237502e-16,5.705915381683235e-16,5.705842016514392e-16,5.696244447889939e-16,5.693536735033398e-16,5.689705324198073e-16,5.685497189268527e-16,5.683341902004743e-16,5.685206009608317e-16,5.689850731176027e-16,5.690291698511016e-16,5.727391079274653e-16,5.727391080050134e-16,5.7273910794039e-16,5.727391079856264e-16,5.673909214968673e-16,5.683134609897003e-16,6.774787489619769e-17]"
3.5000000000000018,sqp_rti,0,"[0.2648140689090852,-0.019070058683961277,0.20614431519580756]",0.40610707323869055,0.01913793385028839,"[-2.980232227667301e-09,9.806207944246248e-06,7.88192681505373e-05,0.0010777923290256064,0.005332972790020263,0.035346132200823555,0.10887775267715832,0.2035217678438948,0.30626878623230863,0.5826948553441447,1.0819724654965917,0.5910536497971612,0.5169867154799139,0.510762381479035,0.507427569060934,0.5305471194085791,0.5458467461218486,0.5437447141816569,0.5304276450700598,0.36213614337053884,0.1292395026792857]","[null,1.714297955501198e-16,1.7126569277247858e-16,1.7067674776556138e-16,1.7056546332800532e-16,1.7067098944547012e-16,1.7014066089144824e-16,1.6993923344901416e-16,1.6988515012359022e-16,1.7062348365590542e-16,1.697979497822374e-16,1.7012226269987416e-16,1.6925494828647188e-16,1.7209671441355407e-16,1.6957672990137945e-16,1.7004029848046126e-16,1.700527723729843e-16,1.701343482819906e-16,1.701137019249871e-16,1.7038574642578086e-16,1.83937565023501e-17]"
3.600000000000002,sqp_rti,0,"[0.1526375187140207,-0.5338002506089797,0.13769234967701444]",0.42572435580805845,0.0182766392827034,"[-2.980232227667301e-09,-2.9802325607342084e-09,0.0006156570778708126,0.02926671369743722,0.10590343990222523,0.1959576875559808,0.28626279436611385,0.37939648590971836,0.45883435726547434,0.5244699230017023,0.5712045532114984,0.5977867519734328,0.6103556810945274,0.5864578064792816,0.5128771350114849,0.5184159364440653,0.5732150414888924,0.5688620463866705,0.4624308150039809,0.2967483032979537,0.1297512411755724]","[null,3.03770221818406e-12,3.022349085893754e-12,3.0067479841963294e-12,2.992455355315303e-12,2.987079260046479e-12,2.985099695770964e-12,2.9845136976670343e-12,2.982970575715279e-12,2.9822284921679174e-12,2.985196417011254e-12,2.999576337080958e-12,3.0370142259672167e-12,3.0377022183770483e-12,3.037702218376869e-12,3.037702218376889e-12,3.037702218376898e-12,2.9793734842545323e-12,2.9777773907221213e-12,2.9842874994275544e-12,3.385642166725424e-13]"
3.700000000000002,sqp_rti,0,"[0.17315008701272316,-0.15299006210614924,0.1441053335179568]",0.4416195688029574,0.019088203087449074,"[-2.980232227667301e-09,2.9096059311894962e-08,0.001781311283468312,0.02571319452091797,0.06813578420673566,0.1304136313913163,0.21082489200735716,0.302897253180096,0.8827447872065164,0.8927575553546248,0.5313181669894111,0.5747409278885891,0.6143818816555793,0.6394159122804666,0.6635984404806698,0.6838091372664319,0.7052579748508501,0.7289485115954502,0.7580420275607682,0.9723962773224712,1.0351509291433068]","[null,6.87329851413955e-13,6.877675414701436e-13,6.858366879081821e-13,6.808910939787934e-13,6.797619683996701e-13,6.76662327671237e-13,6.851305448815597e-13,6.758052603452763e-13,6.723046518930837e-13,6.788440538341642e-13,6.748703394616218e-13,6.742506664351561e-13,6.826338791774193e-13,6.74350785407006e-13,6.748962796200914e-13,6.747949461122768e-13,6.741321436848332e-13,6.779257616839594e-13,6.778831548910791e-13,7.834719237618292e-14]"
3.800000000000002,sqp_rti,0,"[0.16204020231709174,-1.071929615635547,0.1454831011940088]",0.45619274643837165,0.018261032178997993,"[-2.980232227667301e-09,0.006989232794335998,0.04938928814321103,0.09470629556900773,0.1358053485534681,0.18298663172005264,0.2590975072998683,0.300456097443983,0.3311572077400207,0.3719266179825336,0.41208820027669885,0.44937114306705245,0.4865363580213778,0.5250250252125397,0.536695506218863,0.49332855150026306,0.4223362123310029,0.3497305889596996,0.3247877253494547,0.36640089885972565,0.4013499990498602]","[null,4.532352807532915e-17,4.51745219066972e-17,4.511286682975255e-17,4.513305295495408e-17,4.518756109043207e-17,4.5375037641100854e-17,4.5197657683040237e-17,4.51745173357973e-17,4.517660401511376e-17,4.519940630044601e-17,4.483597239232255e-17,4.640182657021875e-17,4.5067572304193486e-17,4.517188080028554e-17,4.519925053684367e-17,4.5213215485428725e-17,4.5224455823961626e-17,4.606798418649266e-17,4.5338322869033834e-17,5.038453786279971e-18]"
3.900000000000002,sqp_rti,0,"[0.1061163440054716,-1.1999999984590546,0.12287468376293653]",0.4674804387689336,0.0112022515386343,"[-2.980232227667301e-09,0.050704530340680176,0.2147742891492424,0.42754494439092366,0.6289383028459632,0.5773786281976896,0.8746781048008614,0.5736166913689942,0.5746072165548435,0.6661265453771621,0.7557558709483745,0.8349502270091504,0.9025285748220904,0.9322136557377732,1.0363281175747658,1.0208737437886242,0.8017233415708833,0.5352266389104183,0.29466800964880485,0.209702509912791,0.19387741275387144]","[null,5.090081955764525e-13,5.132639937775245e-13,5.169634893795469e-13,5.200928400430838e-13,5.131798087463234e-13,5.131798087469377e-13,5.131798087463494e-13,5.131798087467934e-13,5.13179808746496e-13,5.131798087467206e-13,5.131798087466087e-13,5.131798087470599e-13,5.131798087467024e-13,5.164142344141355e-13,5.081355247266717e-13,5.078284614566264e-13,5.0590364385615e-13,5.232526423014416e-13,5.02487612130973e-13,6.073645075049805e-14]"
4.000000000000002,sqp_rti,0,"[0.055104401641109364,-0.6809064614891669,0.11627741684055135]",0.48085149363426827,0.004939352162182331,"[-2.980232227667301e-09,0.13544293035724736,0.131402611100296,0.1423379695863563,0.21380056609004844,0.6968234256391355,0.4048451316042934,0.4227765596117486,0.4924202975194916,0.5408712405229756,0.5616534179936534,0.5530442536408555,0.5165718992220476,0.4507706319111134,0.3868226818884007,0.3230203742409022,0.26515767760392245,0.235086607573815,0.19858012519746443,0.1872422938309189,0.19359318045989032]","[null,4.744024707795156e-15,4.183858571332334e-15,4.076659479827077e-15,4.058003198912751e-15,4.058326953041712e-15,4.070469158480376e-15,4.057894151355849e-15,4.121597439091234e-15,4.1058696461687154e-15,4.0986852280718106e-15,4.06176918363883e-15,4.066657934351662e-15,4.2536066087058515e-15,4.667607128818565e-15,3.733207478361956e-15,4.064222792768702e-15,4.060347462188358e-15,4.0584491975799756e-15,4.057245377167672e-15,4.1859881056352866e-16]"
4.100000000000001,sqp_rti,0,"[0.028600363201844427,-0.3400293586106635,0.09518165331846296]",0.47974474639696135,0.002356864744797349,"[2.5680548992879082e-08,0.11808145105049733,0.2545544610679999,0.17803072129048642,0.26556942049803106,0.07812921906411213,0.3524282677841242,0.7619031502015543,0.7135548265201288,0.6866069195686018,0.6972566024258497,0.6933249122257237,0.6803183905883212,0.5250872261917114,0.4402463251159963,0.5746212173152878,0.47718187863860423,0.3943845300225422,0.32728378009052267,0.2959353890343029,0.30514167446343415]","[null,1.254202777614574e-12,1.2537848368632094e-12,1.2544671561472438e-12,1.2628973174112355e-12,1.2525366551933363e-12,1.252394513577159e-12,1.2529720369095486e-12,1.250643081632491e-12,1.2504416117556816e-12,1.2497102705745757e-12,1.2505932072222663e-12,1.2544327239770594e-12,1.2544327239767448e-12,1.254432723976826e-12,1.2544327239770113e-12,1.250483926404181e-12,1.2581805715703568e-12,1.2617663634380783e-12,1.2540320247293896e-12,1.4166905168980019e-13]"
4.200000000000001,sqp_rti,0,"[0.014765423673158235,-0.16973215667882074,0.10846711963086492]",0.48099028698540186,0.0013961554504930973,"[0.052713839980111754,0.2294611582294806,null,0.0169921211725666,0.038619415255174705,0.1943695064802256,0.27060399587213696,0.2663794419651396,0.3850517694809817,0.5286961576168563,0.5660047931846799,0.5749792166004182,0.5122678725655685,0.4743675680103994,0.4447816828521923,0.4659939861525489,0.5117132942371458,0.7633132413413655,0.910892046528194,0.7165809881191485,0.4471366458589426]","[null,0.18400056720986657,6.01348239617474e-16,6.013482164499545e-16,6.013482205422367e-16,6.018244020183527e-16,6.013482581541149e-16,6.022693993629478e-16,6.013482150286417e-16,6.013482142046923e-16,6.01348239617474e-16,6.01348239617474e-16,6.081717235603039e-16,6.052856012539986e-16,6.01348213489391e-16,6.013482153016759e-16,6.013482289677255e-16,6.013482156157057e-16,6.013482067881376e-16,6.012900556453394e-16,6.01484098720076e-17]"
4.300000000000001,sqp_rti,0,"[0.5410485788005892,0.11645243565639701,0.21821762999796923]",0.4920587535662453,0.001009156578220427,"[0.48509689189593247,0.48794028468848866,0.0512693544475365,0.052426609009877556,0.14131448025441956,0.14799254975798953,0.21069874682658069,0.28645758456050335,0.3799977991737807,0.43952283761262995,0.4611121285337539,0.45631025538002384,0.43689908827405227,0.4034344642056514,0.3463925880114081,0.2924789374684707,0.31604045547140897,0.39179157504943235,0.4506066536059999,0.44180770391856045,0.3602403032898687]","[null,1.7430501486614958e-14,1.741904212938798e-14,1.74415812539098e-14,2.0945247382425838e-14,1.8923700057971103e-14,1.8163818339149708e-14,1.9005390526863787e-14,1.7593806468059334e-14,1.751465110438876e-14,1.7571897517257358e-14,2.7437850679520697e-14,3.5846197706684485e-14,1.7549940500601938e-14,1.763670702023564e-14,1.763533984112939e-14,1.7309079190777212e-14,1.7823659547530782e-14,1.6962390966652278e-14,1.740700861252932e-14,1.7648506071207644e-15]"
4.4,safe_stop,4,"[0.44104857880058923,0.0,0.0]",0.52666515401112,-0.009522631764411926,"[-2.980232227667301e-09,0.04063299900645295,0.15329683157798685,0.5490559792067031,0.004125998058397251,0.3628304770635687,0.3719040857165446,0.37114661420148637,0.4144467469404532,0.10867447067013886,null,null,0.6614724735022477,0.45883550718497973,0.32887357849798954,0.29761897485925887,0.2681660730326925,0.22534009152412154,0.22472062310852198,0.24787121824905994,0.295441321111843]","[null,null,null,null,null,null,null,null,null,null,null,null,null,null,null,null,null,null,null,null,null]"
4.5,safe_stop,4,"[0.34104857880058925,0.0,0.0]",0.5685968366757113,-0.015743844211101532,"[-2.980232227667301e-09,-2.980232227667301e-09,-2.980232227667301e-09,-2.980232227667301e-09,-9.92907348007499e-09,0.3963442100905013,0.3963442100905013,0.3963442100905013,0.3963442100905013,0.3963442100905013,0.3963442100905013,0.3963442100905013,0.3963442100905013,0.3963442100905013,0.3963442100905013,0.3963442100905013,0.3963442100905013,0.3963442100905013,0.3963442100905013,0.3963442100905013,0.3963442100905013]","[null,null,null,null,null,null,null,null,null,null,null,null,null,null,null,null,null,null,null,null,null]"
4.6,safe_stop,4,"[0.24104857880058925,0.0,0.0]",0.6139626694507927,-0.015743814408779144,"[-2.980232227667301e-09,-2.980232227667301e-09,-2.980232227667301e-09,-9.92907348007499e-09,0.3963442100905013,0.3963442100905013,0.3963442100905013,0.3963442100905013,0.3963442100905013,0.3963442100905013,0.3963442100905013,0.3963442100905013,0.3963442100905013,0.3963442100905013,0.3963442100905013,0.3963442100905013,0.3963442100905013,0.3963442100905013,0.3963442100905013,0.3963442100905013,0.3963442100905013]","[null,null,null,null,null,null,null,null,null,null,null,null,null,null,null,null,null,null,null,null,null]"
4.699999999999999,safe_stop,4,"[0.14104857880058924,0.0,0.0]",0.6524602020048939,-0.01574382185935974,"[-2.980232227667301e-09,-2.980232227667301e-09,-9.92907348007499e-09,0.3963442100905013,0.3963442100905013,0.3963442100905013,0.3963442100905013,0.3963442100905013,0.3963442100905013,0.3963442100905013,0.3963442100905013,0.3963442100905013,0.3963442100905013,0.3963442100905013,0.3963442100905013,0.3963442100905013,0.3963442100905013,0.3963442100905013,0.3963442100905013,0.3963442100905013,0.3963442100905013]","[null,null,null,null,null,null,null,null,null,null,null,null,null,null,null,null,null,null,null,null,null]"
4.799999999999999,safe_stop,4,"[0.041048578800589236,0.0,0.0]",0.6804146571146213,-0.015743844211101532,"[-9.92907348007499e-09,-9.92907348007499e-09,0.3963442100905013,0.3963442100905013,0.3963442100905013,0.3963442100905013,0.3963442100905013,0.3963442100905013,0.3963442100905013,0.3963442100905013,0.3963442100905013,0.3963442100905013,0.3963442100905013,0.3963442100905013,0.3963442100905013,0.3963442100905013,0.3963442100905013,0.3963442100905013,0.3963442100905013,0.3963442100905013,0.3963442100905013]","[null,null,null,null,null,null,null,null,null,null,null,null,null,null,null,null,null,null,null,null,null]"
4.899999999999999,safe_stop,4,"[0.0,0.0,0.0]",0.6804146571146213,-0.01574384979903698,"[0.3963442100905013,0.3963442100905013,0.3963442100905013,0.3963442100905013,0.3963442100905013,0.3963442100905013,0.3963442100905013,0.3963442100905013,0.3963442100905013,0.3963442100905013,0.3963442100905013,0.3963442100905013,0.3963442100905013,0.3963442100905013,0.3963442100905013,0.3963442100905013,0.3963442100905013,0.3963442100905013,0.3963442100905013,0.3963442100905013,0.3963442100905013]","[null,null,null,null,null,null,null,null,null,null,null,null,null,null,null,null,null,null,null,null,null]"
4.999999999999998,safe_stop,4,"[0.0,0.0,0.0]",0.6804146571146213,-0.01574384979903698,"[0.3963442100905013,0.3963442100905013,0.3963442100905013,0.3963442100905013,0.3963442100905013,0.3963442100905013,0.3963442100905013,0.3963442100905013,0.3963442100905013,0.3963442100905013,0.3963442100905013,0.3963442100905013,0.3963442100905013,0.3963442100905013,0.3963442100905013,0.3963442100905013,0.3963442100905013,0.3963442100905013,0.3963442100905013,0.3963442100905013,0.3963442100905013]","[null,null,null,null,null,null,null,null,null,null,null,null,null,null,null,null,null,null,null,null,null]"
5.099999999999998,safe_stop,4,"[0.0,0.0,0.0]",0.6804146571146213,-0.01574384979903698,"[0.3963442100905013,0.3963442100905013,0.3963442100905013,0.3963442100905013,0.3963442100905013,0.3963442100905013,0.3963442100905013,0.3963442100905013,0.3963442100905013,0.3963442100905013,0.3963442100905013,0.3963442100905013,0.3963442100905013,0.3963442100905013,0.3963442100905013,0.3963442100905013,0.3963442100905013,0.3963442100905013,0.3963442100905013,0.3963442100905013,0.3963442100905013]","[null,null,null,null,null,null,null,null,null,null,null,null,null,null,null,null,null,null,null,null,null]"
5.1999999999999975,safe_stop,4,"[0.0,0.0,0.0]",0.6804146571146213,-0.01574384979903698,"[0.3963442100905013,0.3963442100905013,0.3963442100905013,0.3963442100905013,0.3963442100905013,0.3963442100905013,0.3963442100905013,0.3963442100905013,0.3963442100905013,0.3963442100905013,0.3963442100905013,0.3963442100905013,0.3963442100905013,0.3963442100905013,0.3963442100905013,0.3963442100905013,0.3963442100905013,0.3963442100905013,0.3963442100905013,0.3963442100905013,0.3963442100905013]","[null,null,null,null,null,null,null,null,null,null,null,null,null,null,null,null,null,null,null,null,null]"
5.299999999999997,safe_stop,4,"[0.0,0.0,0.0]",0.6804146571146213,-0.01574384979903698,"[0.3963442100905013,0.3963442100905013,0.3963442100905013,0.3963442100905013,0.3963442100905013,0.3963442100905013,0.3963442100905013,0.3963442100905013,0.3963442100905013,0.3963442100905013,0.3963442100905013,0.3963442100905013,0.3963442100905013,0.3963442100905013,0.3963442100905013,0.3963442100905013,0.3963442100905013,0.3963442100905013,0.3963442100905013,0.3963442100905013,0.3963442100905013]","[null,null,null,null,null,null,null,null,null,null,null,null,null,null,null,null,null,null,null,null,null]"
