timestep,time,x,y,theta,v,omega,solver_computation_time,solver_raw_status,solver_status_code,solver_success
0,0.1,0.075,0.7826598779557975,-1.5707963255541468,0.12340122044202426,1.2407497454034716e-08,0.14554667472839355,success,0,True
1,0.2,0.07500000001421611,0.7712021981707262,-1.5470737077188164,0.1145767978507133,0.23722617835330448,0.13812947273254395,success,0,True
2,0.30000000000000004,0.07528391304836848,0.7592364125762802,-1.5391080447215197,0.11969153332763942,0.07965662997296688,0.14893317222595215,success,0,True
3,0.4,0.0757961507692247,0.7430769295798908,-1.5862883441543147,0.16167599642286593,-0.47180299432794937,0.1503005027770996,success,0,True
4,0.5,0.07558291649909375,0.7293138923985625,-1.602650393649638,0.13764688928871033,-0.16362049495323094,0.13561773300170898,success,0,True
5,0.6000000000000001,0.07523022759570624,0.7182456163147649,-1.6128647488566419,0.11073893846779366,-0.10214355207004026,0.13508057594299316,success,0,True
6,0.7000000000000001,0.07428492959588393,0.6957883849759317,-1.574833736576215,0.22477117869387603,0.38031012280426935,0.13664913177490234,success,0,True
7,0.8,0.07423961213616462,0.684564056523163,-1.4783235116932951,0.1122441993547054,0.9651022488291998,0.2895026206970215,success,0,True
8,0.9,0.07530746093063156,0.6730492859087047,-1.434000327689594,0.115641793202733,0.44323184003700955,0.2713503837585449,success,0,True
9,1.0,0.07774036859276232,0.6553754290212562,-1.3873090663984686,0.17840522889491378,0.46691261291125424,0.2772254943847656,success,0,True
10,1.1,0.0795049684012316,0.6458665838411395,-1.2673090663985043,0.09671191712683554,1.1999999999996434,0.41553711891174316,success,0,True
11,1.2000000000000002,0.08107815661738522,0.6408430129356675,-1.1804982093482381,0.0526414150700282,0.8681085705026619,0.42603492736816406,success,0,True
12,1.3,0.08107815661738522,0.6408430129356675,-1.1804982093482381,0.0,0.0,0.5302631855010986,failure,4,False
13,1.4000000000000001,0.08143062519119403,0.6399862661672209,-1.180502432319767,0.009264173577640252,-4.222971528940016e-05,0.14647483825683594,success,0,True
14,1.5,0.0820696722580148,0.6384329132690486,-1.2009073925382137,0.01679668532738614,-0.20404960218446605,0.13410091400146484,success,0,True
15,1.6,0.08330299857968212,0.6352520679189276,-1.2357656804226154,0.03411578953667029,-0.34858287884401673,0.147383451461792,success,0,True
16,1.7000000000000002,0.0847585392741502,0.6310713475323179,-1.2698524954799872,0.04426852342722422,-0.3408681505737188,0.14527177810668945,success,0,True
17,1.8,0.08603217170608315,0.6269677628755927,-1.3226330344585193,0.042966901920642446,-0.5278053897853214,0.1502056121826172,success,0,True
18,1.9000000000000001,0.08697790447867593,0.6232353886759358,-1.347667158031241,0.038503282513860385,-0.25034123572721706,0.14001727104187012,success,0,True
19,2.0,0.088720178304311,0.6155570406107422,-1.4086603345966846,0.078735345997687,-0.6099317656544367,0.14579057693481445,success,0,True
20,2.1,0.08935520206839558,0.6116748090313124,-1.4621766190966616,0.039338247568077855,-0.5351628449997698,0.14998698234558105,success,0,True
21,2.2,0.08999575611706839,0.6058008019883303,-1.5007838442042971,0.05908829683640829,-0.3860722510763541,0.26071619987487793,success,0,True
22,2.3000000000000003,0.09029635451538814,0.601514322290204,-1.516885368236281,0.042970068186496985,-0.16101524031983883,0.39307069778442383,success,0,True
23,2.4000000000000004,0.0908626029059573,0.5910210993992652,-1.489622463176508,0.10508490085580507,0.27262905059773007,0.40913939476013184,success,0,True
24,2.5,0.09128838277873041,0.5857873423695177,-1.3696224633821696,0.052510476237119075,1.199999997943384,0.40142297744750977,success,0,True
25,2.6,0.09181215424783747,0.5832189844120008,-1.2496224634052515,0.02621220927314315,1.1999999997691817,0.39826011657714844,success,0,True
26,2.7,0.0946325101754626,0.5747416237003627,-1.1646908073826623,0.0893420685868165,0.8493165602258914,0.2727971076965332,success,0,True
27,2.8000000000000003,0.09639554322950644,0.5706416311251906,-1.0446908162947242,0.044629838299189456,1.1999999108793808,0.3016541004180908,success,0,True
28,2.9000000000000004,0.09847700847718104,0.5670572081070806,-0.9821306394142103,0.041449470382665124,0.6256017688051382,0.27794742584228516,success,0,True
29,3.0,0.10285476456645272,0.5604999987631021,-0.8621306394142558,0.07884271859716335,1.1999999999995448,0.2728121280670166,success,0,True
30,3.1,0.10562735233399209,0.5572655710499721,-0.769773455297194,0.04260136800640554,0.9235718411706181,0.258908748626709,success,0,True
31,3.2,0.11357400514024962,0.5495634457332895,-0.6619089888395886,0.11066707966558194,1.0786446645760541,0.1347367763519287,success,0,True
32,3.3000000000000003,0.1185602758731172,0.5456783016322386,-0.6086801484190213,0.06321173981736522,0.5322884042056729,0.13797354698181152,success,0,True
33,3.4000000000000004,0.13324728878106792,0.535442098556014,-0.48868014843010665,0.1790218426829593,1.1999999998891462,0.27455639839172363,success,0,True
34,3.5,0.14356622368597116,0.5299555829339975,-0.3754728302761986,0.11686841799316919,1.1320731815390803,0.27577757835388184,success,0,True
35,3.6,0.15318647764059234,0.5261635407931462,-0.311513345851237,0.10340641650758226,0.639594844249616,0.15107297897338867,success,0,True
36,3.7,0.16622484273449745,0.5219652270589631,-0.19151334695313055,0.1369762032371292,1.1999999889810646,0.1460738182067871,success,0,True
37,3.8000000000000003,0.18110808555468544,0.519079520814369,-0.13091903783260822,0.15160416134617366,0.6059430912052234,0.13280081748962402,success,0,True
38,3.9000000000000004,0.18955879319942062,0.5179667977428896,-0.08345942985688709,0.08523650176455409,0.4745960797572112,0.13225221633911133,success,0,True
39,4.0,0.20455120144045558,0.5167126265792371,0.009554696628899309,0.15044774846224535,0.930141264857864,0.14235949516296387,success,0,True
40,4.1000000000000005,0.22133399590536804,0.5168729859688195,0.04987694573422477,0.1678356056340024,0.4032224910532546,0.1401355266571045,success,0,True
41,4.2,0.2337941737336342,0.5174949774458395,0.0762944231399702,0.12475692562318977,0.2641747740574543,0.13544154167175293,success,0,True
42,4.3,0.24791429938669715,0.5185743594032266,0.10081649519093197,0.1416132104954262,0.2452207205096176,0.13383030891418457,success,0,True
43,4.4,0.26127476006942835,0.5199258963207417,0.11745371708410746,0.13428647053750864,0.1663722189317549,0.14284086227416992,success,0,True
44,4.5,0.27324817197664913,0.5213387208534072,0.17866237915607144,0.12056478169850346,0.6120866207196399,0.14399433135986328,success,0,True
45,4.6000000000000005,0.2858626843298314,0.5236167497938861,0.2026464120909394,0.1281855443340813,0.23984032934867955,0.13964486122131348,success,0,True
46,4.7,0.2961990687827547,0.5257405323649498,0.23130204283164785,0.10552312351697511,0.28655630740708443,0.1408388614654541,success,0,True
47,4.800000000000001,0.307082989034272,0.5283038828620447,0.254327135177424,0.111817031713574,0.23025092345776174,0.13708782196044922,success,0,True
48,4.9,0.317363835714683,0.5309764538356357,0.2795495047052662,0.10622544143236125,0.252223695278422,0.13674163818359375,success,0,True
49,5.0,0.3276615996328863,0.5339325983567622,0.31575596020751634,0.10713670339563147,0.3620645550225018,0.1383824348449707,success,0,True
50,5.1000000000000005,0.3372424123765465,0.5370625145648624,0.3265129617995242,0.10079104538539581,0.10757001592007853,0.14620542526245117,success,0,True
51,5.2,0.3463361809902841,0.5401419679019102,0.37877880862860475,0.09601023927438866,0.5226584682908052,0.14639067649841309,success,0,True
52,5.300000000000001,0.35651040055481115,0.5441912808602059,0.39931984227900663,0.1095041913268278,0.20541033650401908,0.14934706687927246,success,0,True
53,5.4,0.3651384717409971,0.5478322553774738,0.424032271686473,0.09364844250135063,0.24712429407466383,0.16816282272338867,success,0,True
54,5.5,0.3751446813234022,0.5523492356223051,0.4322177700098134,0.10978494465964378,0.0818549832334036,0.16360759735107422,success,0,True
55,5.6000000000000005,0.3842723524182974,0.556559903334607,0.4696792187195354,0.10052069548108357,0.3746144870972199,0.15181589126586914,success,0,True
56,5.7,0.39570452748733737,0.5623624456711751,0.479539027890436,0.1282045726083295,0.09859809170900624,0.13834595680236816,success,0,True
57,5.800000000000001,0.40452022499744694,0.5669468294101407,0.49264265958513287,0.09936452931295198,0.13103631694696838,0.13493633270263672,success,0,True
58,5.9,0.4155626449388228,0.5728742618525667,0.48843934239993236,0.125327368727353,-0.04203317185200511,0.1431260108947754,success,0,True
59,6.0,0.42759461400704585,0.5792678714582269,0.511852656991097,0.1362521645509773,0.23413314591164647,0.13550996780395508,success,0,True
60,6.1000000000000005,0.4385928524534578,0.5854466110107337,0.5115387702955931,0.12614993911288483,-0.0031388669550390658,0.1344611644744873,success,0,True
61,6.2,0.45093792554787965,0.5923768965599407,0.5089088772767745,0.141573192201125,-0.026298930188186485,0.13659143447875977,success,0,True
62,6.300000000000001,0.46375121866578944,0.5995257796882697,0.48748050996701037,0.14672662011645388,-0.21428367309764118,0.13871097564697266,success,0,True
63,6.4,0.4782207329551304,0.6071968822669637,0.4942506184695448,0.16377199349775498,0.06770108502534478,0.12969303131103516,success,0,True
64,6.5,0.49132427389924493,0.6142578631347234,0.46216036691869405,0.14884899599559098,-0.32090251550850746,0.13867712020874023,success,0,True
65,6.6000000000000005,0.5102965049015856,0.623708734442809,0.46213837260127455,0.2119586086216299,-0.00021994317419488096,0.14602899551391602,success,0,True
66,6.7,0.5240490681438068,0.6305590907716428,0.3670452814390114,0.15364256492368494,-0.9509309116226314,0.27727413177490234,success,0,True
67,6.800000000000001,0.536379688780563,0.6352998176429504,0.3201675588860021,0.13210552469746906,-0.46877722553009255,0.2593708038330078,success,0,True
68,6.9,0.55340223134974,0.6409440735886057,0.30685203111856085,0.17933894744296608,-0.13315527767441243,0.13207483291625977,success,0,True
69,7.0,0.5695390440284075,0.6460571842012006,0.33187439933995505,0.16927510849591407,0.2502236822139421,0.26346921920776367,success,0,True
70,7.1000000000000005,0.5830598239562559,0.6507167224848879,0.33870283087419234,0.14301146348263677,0.06828431534237275,0.2699308395385742,success,0,True
71,7.2,0.5999170027436871,0.6566551367757022,0.2582283707886293,0.17872583499896408,-0.8047446008556304,0.14168643951416016,success,0,True
72,7.300000000000001,0.609403803972807,0.6591608422339542,0.21876400720875364,0.09812133172982644,-0.3946436357987567,0.27623486518859863,success,0,True
73,7.4,0.6244113916250227,0.6624973588365927,0.14595715767296102,0.1537400501426417,-0.7280684953579261,0.43146467208862305,success,0,True
74,7.5,0.6360279450116603,0.6642050216014603,0.11318752623126985,0.1174139790242697,-0.32769631441691177,0.269092321395874,success,0,True
75,7.6000000000000005,0.6470378411022961,0.665456553707275,0.07526172439852154,0.11080800717388739,-0.37925801832748307,0.13595032691955566,success,0,True
76,7.7,0.6611112326381157,0.6665177458258715,0.06752372073661049,0.1411334397062042,-0.07738003661911047,0.1298685073852539,success,0,True
77,7.800000000000001,0.6816477081870361,0.6679065564464705,0.017255701541634257,0.2058338220291548,-0.5026801919497623,0.1305553913116455,success,0,True
78,7.9,0.6946307394114858,0.6681306099968314,-0.0018148056106852203,0.12984964373014807,-0.19070507152319477,0.2594950199127197,success,0,True
79,8.0,0.7011154326058852,0.6681188415263187,-0.06843613875192889,0.06484703873145468,-0.6662133314124368,0.4126405715942383,success,0,True
80,8.1,0.7108125060153969,0.6674541732818062,-0.09768230261576175,0.09719825954446037,-0.29246163863832864,0.26424121856689453,success,0,True
81,8.200000000000001,0.717145233757623,0.6668336028042604,-0.12855678081228222,0.06363061242417842,-0.30874478196520466,0.2754237651824951,success,0,True
82,8.3,0.7292669768866507,0.665266628623428,-0.1448709828866485,0.12222604655699451,-0.16314202074366296,0.5411200523376465,success,0,True
83,8.4,0.7353086276932504,0.6643851936858778,-0.23981219235337764,0.061056098809227535,-0.9494120946672913,0.47078371047973633,success,0,True
84,8.5,0.7404128333787509,0.6631371252702254,-0.28604112799550124,0.052545780468125414,-0.4622893564212359,0.5110974311828613,success,0,True
85,8.6,0.7466424226101857,0.6613049629513515,-0.3216965073618776,0.06493427504416299,-0.35655379366376355,0.4762601852416992,success,0,True
86,8.700000000000001,0.7582390861543342,0.6574401048299542,-0.3598715844330951,0.12223736484999775,-0.3817507707121748,0.4723343849182129,success,0,True
87,8.8,0.7653886108678611,0.6547500514765525,-0.46216071239207845,0.07638854015719873,-1.0228912795898337,0.47833967208862305,success,0,True
88,8.9,0.7708906160427407,0.6520092674407232,-0.5113421532979003,0.06146865711519875,-0.4918144090582186,0.42918848991394043,success,0,True
89,9.0,0.7755011825092512,0.6494221765658363,-0.5423523528013486,0.05286810223285239,-0.31010199503448255,0.47434020042419434,success,0,True
90,9.1,0.7826842105375346,0.645093455924234,-0.555681135256348,0.08386519781657881,-0.1332878245499935,0.38988733291625977,success,0,True
91,9.200000000000001,0.7862415388308109,0.6428845354737243,-0.6756811352557557,0.04187351686069001,-1.1999999999940767,0.5116493701934814,success,0,True
92,9.3,0.7969229396212286,0.6343229326104509,-0.7355594362028307,0.13689169676570825,-0.5987830094707506,0.28102993965148926,success,0,True
93,9.4,0.802192054106102,0.6295544917191663,-0.7650128753048615,0.0710644749423901,-0.2945343910203083,0.13512420654296875,success,0,True
94,9.5,0.8047481115238033,0.6271005781526706,-0.827481232665163,0.03543320662093423,-0.6246835736030156,0.13530731201171875,success,0,True
95,9.600000000000001,0.812457546323621,0.6187133460337869,-0.8638016729574869,0.1139214850450406,-0.36320440292323847,0.1431131362915039,success,0,True
96,9.700000000000001,0.8192508261323479,0.6107616323389968,-0.9114694967329002,0.10458412940956584,-0.4766782377541336,0.28730106353759766,success,0,True
97,9.8,0.8227507601897893,0.6062457447286448,-0.9347998982273064,0.05713385976438951,-0.23330401494406106,0.26306772232055664,success,0,True
98,9.9,0.8279579036954472,0.599193237635004,-0.9399456479854313,0.08766538643864402,-0.051457497581249595,0.13214373588562012,success,0,True
99,10.0,0.8412654914553146,0.5809741087877568,-0.8384239900408775,0.2256166101906431,1.015216579445538,0.1418759822845459,success,0,True
100,10.100000000000001,0.848835276382802,0.572555743500901,-0.7502607327740684,0.11321241890859583,0.8816325726680918,0.1461343765258789,success,0,True
101,10.200000000000001,0.8616649349488692,0.5605974292384709,-0.7116519409790855,0.17538569466205073,0.38608791794982866,0.14259791374206543,success,0,True
102,10.3,0.8690203791682076,0.5542540564119683,-0.5916521787904527,0.09712926360258778,1.199997621886327,0.14233136177062988,success,0,True
103,10.4,0.8798307403669967,0.5469900217050576,-0.5353715001161724,0.13024212431908813,0.5628067867428035,0.13249802589416504,success,0,True
104,10.5,0.8857430488032043,0.5434831040734147,-0.41868448970203737,0.0687414447913188,1.1668701041413505,0.132096529006958,success,0,True
105,10.600000000000001,0.8983854241001779,0.5378573025263962,-0.3464024325663149,0.13837604424031047,0.7228205713572244,0.13734912872314453,success,0,True
106,10.700000000000001,0.9062286714338111,0.5350262283146305,-0.23804829434358565,0.08338555626070375,1.0835413822272926,0.135267972946167,success,0,True
107,10.8,0.9143386044017194,0.533058360366023,-0.18676223827971294,0.08345269139286228,0.512860560638727,0.13205385208129883,success,0,True
108,10.9,0.9216202406907541,0.5316823903433995,-0.08977948550247672,0.07410500694888608,0.9698275277723623,0.2636687755584717,success,0,True
109,11.0,0.9288889454146769,0.5310280507575732,0.0007665445517384406,0.07298097605345967,0.9054603005421515,0.3984255790710449,success,0,True
110,11.100000000000001,0.935410404614077,0.531033049747571,0.07527189638031916,0.06521461115374386,0.7450535182858071,0.27420806884765625,success,0,True
111,11.200000000000001,0.9403686732779019,0.5314069745011202,0.1301485442813352,0.049723483248847934,0.5487664790101605,0.1472759246826172,success,0,True
112,11.3,0.948860941986036,0.5325185140001658,0.17035610135906612,0.0856470360661089,0.4020755707773091,0.15246081352233887,success,0,True
113,11.4,0.9530766421647059,0.533243713242106,0.19045892815008278,0.0427762106046672,0.20102826791016662,0.26525402069091797,success,0,True
114,11.5,0.9623740885861766,0.5350362216963268,0.2159686283271378,0.0946866392468183,0.2550970017705502,0.27620983123779297,success,0,True
115,11.600000000000001,0.9669937706096374,0.5360497348818821,0.22872307920854323,0.04729552936079887,0.1275445088140542,0.2857389450073242,success,0,True
116,11.700000000000001,0.9751744778674278,0.5379541776693427,0.21673986350793512,0.08399456742455147,-0.11983215700608113,0.2678260803222656,success,0,True
117,11.8,0.9792690820288518,0.5388558043524457,0.14130925201152633,0.0419269768936817,-0.754306114964088,0.14014410972595215,success,0,True
118,11.9,0.989163870554134,0.5402634111880328,0.10712202135733986,0.09994408284818455,-0.3418723065418646,0.13660573959350586,success,0,True
119,12.0,0.9941270438384211,0.5407971193624753,0.06689637237629978,0.049917866005397514,-0.40225648981040085,0.2692697048187256,success,0,True
120,12.100000000000001,1.0073515918213567,0.5416831156913207,0.02153042391656161,0.13254194009734852,-0.45365948459738165,0.4026052951812744,success,0,True
121,12.200000000000001,1.016978991101678,0.5418904297141344,0.0057638431674671,0.09629631145936378,-0.1576658074909451,0.3995990753173828,success,0,True
122,12.3,1.0304177412978053,0.5419678894204194,0.03183531799761344,0.13438973429544804,0.26071474830146335,0.395794153213501,success,0,True
123,12.4,1.0376770173744332,0.5421990688871932,0.14746934643069592,0.07262956223368108,1.1563402843308248,0.40630578994750977,success,0,True
124,12.5,1.0484516222932088,0.5437996121379903,0.20159639853356076,0.1089283479418362,0.5412705210286485,0.4150354862213135,success,0,True
125,12.600000000000001,1.0537810235882563,0.544888795585991,0.2885034529731712,0.05439562367236258,0.8690705443961043,0.31786346435546875,success,0,True
126,12.700000000000001,1.0594351850466976,0.5465668585330565,0.3752547473408591,0.05897918026934463,0.8675129436768791,0.27668285369873047,success,0,True
127,12.8,1.068301403142979,0.5500594464696308,0.4147980602424922,0.09529322841919663,0.39543312901633126,0.41092348098754883,success,0,True
128,12.9,1.0766231751333701,0.5537239188245238,0.5256781308257967,0.09092867902913507,1.1088007058330451,0.4095735549926758,success,0,True
129,13.0,1.083878785762293,0.5579330877711155,0.5786048090386822,0.08388145731893981,0.5292667821288539,0.2597968578338623,success,0,True
130,13.100000000000001,1.0873847012858933,0.5602230683429049,0.6234270909158192,0.04187535633017962,0.4482228187713697,0.2854466438293457,success,0,True
131,13.200000000000001,1.0958491372892472,0.5663098060070877,0.6748014083251486,0.10425691931351762,0.5137431740932944,0.2818763256072998,success,0,True
132,13.3,1.1002909186237075,0.5698636715625746,0.7171584547981769,0.05688530725032322,0.4235704647302834,0.27782440185546875,success,0,True
133,13.4,1.1024212848700954,0.5717214638095087,0.811676200846602,0.02826632692182883,0.9451774604842513,0.41033315658569336,success,0,True
134,13.5,1.1097300516966142,0.5794248103409524,0.8745880241713487,0.1061883328374296,0.6291182332474673,0.4024064540863037,success,0,True
135,13.600000000000001,1.113130635042316,0.5834933343941872,0.9212624418249492,0.05302532891252496,0.46674417653600475,0.27338480949401855,success,0,True
136,13.700000000000001,1.1168701599006265,0.5884172009547721,0.954510364316201,0.06182920674921316,0.3324792249125176,0.13164472579956055,success,0,True
137,13.8,1.1205154171926874,0.5935635662877511,0.9684732123098401,0.06306582027200712,0.13962847993639105,0.14079022407531738,success,0,True
138,13.9,1.1259639151863163,0.6014880471101844,0.9636114583845938,0.09616835586183833,-0.048617539252462066,0.280733585357666,success,0,True
139,14.0,1.1305753536492233,0.6081257241713546,0.9036310561462788,0.08082333912030668,-0.5998040223831498,0.4072835445404053,success,0,True
140,14.100000000000001,1.1407562635577828,0.6210513933850282,0.8470156227930514,0.16453688072511755,-0.5661543335322743,0.4187352657318115,success,0,True
141,14.200000000000001,1.14735997098482,0.6285235170852521,0.7270156228079595,0.09972040130953647,-1.1999999998509194,0.41544270515441895,success,0,True
142,14.3,1.159692582956894,0.6394940824853007,0.670520872741443,0.16505957204915134,-0.5649475006651651,0.27449703216552734,success,0,True
143,14.4,1.1705199436330274,0.6480812874870878,0.5505208727698777,0.1381925573081978,-1.199999999715653,0.2709200382232666,success,0,True
144,14.5,1.178705937122754,0.6531060312841961,0.4876863070186392,0.09605130901784849,-0.6283456575123852,0.2758047580718994,success,0,True
145,14.600000000000001,1.1975336859305978,0.6630926431542993,0.47288486746282105,0.21312356552370115,-0.14801439555818163,0.26861095428466797,success,0,True
146,14.700000000000001,1.2070192134929458,0.6679454436210189,0.3737160737254739,0.10654806685522558,-0.9916879373734717,0.3860776424407959,success,0,True
147,14.8,1.2133786976295295,0.6704392801186003,0.2717206330997731,0.06830977891936713,-1.0199544062570078,0.26363420486450195,success,0,True
148,14.9,1.2304738639536894,0.6752021891167367,0.2296817584462464,0.1774626760125128,-0.42038874653526737,0.2642178535461426,success,0,True
149,15.0,1.2391119166012161,0.6772218323284117,0.16704857138835866,0.0887101528822425,-0.6263318705788774,0.26520466804504395,success,0,True
150,15.100000000000001,1.248431890806817,0.6787933659719607,0.11523215621444875,0.09451541524316184,-0.518164151739099,0.13723206520080566,success,0,True
151,15.200000000000001,1.2552412793034218,0.6795815180622721,0.09229269915181021,0.068548490439363,-0.2293945706263854,0.1571338176727295,success,0,True
152,15.3,1.2661768899452912,0.6805936705373428,0.07388308220764156,0.10982350966134696,-0.18409616944168652,0.15769433975219727,success,0,True
153,15.4,1.2774951107329275,0.6814314204738652,0.04042112114596034,0.11349182646949711,-0.3346196106168122,0.15433859825134277,success,0,True
154,15.5,1.2854120114120158,0.6817516048738911,0.028311594578258686,0.07923372666520768,-0.1210952656770165,0.14609503746032715,success,0,True
155,15.600000000000001,1.2952722664867444,0.6820308390283679,0.019138038582876986,0.09864208120865041,-0.09173555995381699,0.13589930534362793,success,0,True
156,15.700000000000001,1.3077024146822416,0.6822687567317713,0.023085886697129687,0.12432424904080905,0.03947848114252703,0.14949274063110352,success,0,True
157,15.8,1.319490748364496,0.6825409492249632,-0.02273541849406551,0.11791475724332591,-0.45821305191195194,0.15923142433166504,success,0,True
158,15.9,1.3316622178729032,0.6822641780827594,-0.044997745929603566,0.1217461589781142,-0.22262327435538057,0.1502535343170166,success,0,True
159,16.0,1.3450800191282137,0.6816599994361521,-0.06308345938203003,0.13431396888039124,-0.18085713452426463,0.14481306076049805,success,0,True
160,16.1,1.3627859078675462,0.6805415667197724,-0.045095798810637897,0.17741177745310205,0.17987660571392125,0.13173747062683105,success,0,True
161,16.2,1.3836049987521795,0.6796020762404498,-0.015568053467806327,0.20840278012141647,0.2952774534283157,0.2925283908843994,success,0,True
162,16.3,1.4047033338523867,0.6792735896932964,-0.02231836797950658,0.21100892099916002,-0.0675031451170025,0.30321502685546875,success,0,True
163,16.400000000000002,1.4178243379856637,0.6789807016630661,0.0039221604948554735,0.13124272660369485,0.2624052847436205,0.14664292335510254,success,0,True
164,16.5,1.430346357173282,0.6790298152838837,0.0122072300461273,0.1252211550349349,0.08285069551271826,0.1461324691772461,success,0,True
165,16.6,1.4454582411929826,0.6792142986923221,0.05899948078988665,0.15113010049387005,0.46792250743759345,0.32288360595703125,success,0,True
166,16.7,1.4540799243290425,0.6797235645658258,0.08680978317066579,0.08636710706544123,0.27810302380779145,0.43955373764038086,success,0,True
167,16.8,1.4649070733662979,0.6806658351805671,0.1261916975849449,0.10868073894961618,0.3938191441427909,0.433610200881958,success,0,True
168,16.900000000000002,1.471175011080927,0.6814610223136182,0.1443751408033047,0.06318177408955783,0.18183443218359815,0.4805154800415039,success,0,True
169,17.0,1.479752627267572,0.6827080936498852,0.2177845440431011,0.08667795934557769,0.7340940323979637,0.4621579647064209,success,0,True
170,17.1,1.486803401270117,0.6842683899471078,0.2681866138059102,0.07221352959805441,0.5040206976280909,0.4199535846710205,success,0,True
171,17.2,1.4926838798162994,0.6858843856176648,0.32483787996057034,0.06098480953431802,0.5665126615466014,0.4056849479675293,success,0,True
172,17.3,1.4998650200936605,0.688302758407802,0.3788470153009442,0.07577420579274602,0.5400913534037386,0.39902639389038086,success,0,True
173,17.400000000000002,1.5078365115080627,0.6914760211346613,0.4000248673252813,0.08579875972504628,0.2117785202433709,0.3942265510559082,success,0,True
174,17.5,1.5133815862598567,0.6938206036786166,0.44629654765775234,0.06020375512241924,0.4627168033247105,0.4328141212463379,success,0,True
175,17.6,1.5204391266017472,0.6971976055203731,0.5445511543049331,0.07823874814734588,0.9825460664718073,0.4015836715698242,success,0,True
176,17.7,1.5241874727731093,0.6994677278289144,0.593316885492477,0.04382186020253061,0.48765731187543926,0.4512045383453369,success,0,True
177,17.8,1.532541889229145,0.705101697465414,0.6441620119230942,0.10076601023454242,0.5084512643061726,0.40899085998535156,success,0,True
178,17.900000000000002,1.5365655055926557,0.7081235668314916,0.71805778365753,0.05032015809429769,0.7389577173443586,0.446063756942749,success,0,True
179,18.0,1.5429610433085195,0.7137109482628208,0.7688479624448078,0.08492451585625876,0.5079017878727778,0.28563880920410156,success,0,True
180,18.1,1.5460218364277816,0.7166720684068432,0.7942206728461109,0.04258718941918704,0.25372710401303095,0.27784013748168945,success,0,True
181,18.2,1.5525349189885993,0.7233011004059295,0.8051785189159699,0.09293239999534103,0.10957846069859051,0.2790563106536865,success,0,True
182,18.3,1.5567669317241561,0.7277039357864823,0.8316212985588315,0.06106954329464247,0.26442779642861536,0.14850854873657227,success,0,True
183,18.400000000000002,1.5697453511111497,0.7419412483313816,0.8407276235023667,0.1926500553557764,0.09106324943535293,0.14511990547180176,success,0,True
184,18.5,1.576166344821503,0.749115212231555,0.8452762327065912,0.09627820016462142,0.04548609204224507,0.2844710350036621,success,0,True
185,18.6,1.5894127517647052,0.764051142813749,0.7848767884572426,0.19963700039347193,-0.603994442493486,0.2865266799926758,success,0,True
186,18.7,1.5974338576407336,0.7720638890403387,0.7039543019648185,0.11337647091270145,-0.8092248649242414,0.14984416961669922,success,0,True
187,18.8,1.6059109143800978,0.7792615094192096,0.6664189962998264,0.11120531915368834,-0.3753530566499204,0.13205909729003906,success,0,True
188,18.900000000000002,1.6111828476523862,0.7834075789502373,0.6492625384373842,0.06706949603476807,-0.17156457862442176,0.27600932121276855,success,0,True
189,19.0,1.6179480014967467,0.788542610811796,0.6505555012538791,0.08493283155357978,0.012929628164948387,0.2667112350463867,success,0,True
190,19.1,1.6226908826732094,0.7921523289877007,0.5902077350514419,0.0596028415123826,-0.6034776620243721,0.13544440269470215,success,0,True
191,19.200000000000003,1.6288455842490215,0.796275096158921,0.5626133623681765,0.07407939027516058,-0.27594372683265317,0.1411452293395996,success,0,True
192,19.3,1.631969759531933,0.7982451889192537,0.5488128447620189,0.036934721716388244,-0.13800517606157642,0.27237701416015625,success,0,True
193,19.400000000000002,1.63909954759203,0.8026048617852901,0.45524057763710346,0.08357070376678474,-0.935722671249154,0.3962371349334717,success,0,True
194,19.5,1.648046229342387,0.8069845752264445,0.41193014875777323,0.0996117483878274,-0.43310428879330254,0.2785663604736328,success,0,True
195,19.6,1.652620816186698,0.8089833398326801,0.39030287931609386,0.04992184366315429,-0.21627269441679356,0.2821683883666992,success,0,True
196,19.700000000000003,1.6598384965294402,0.8119527585924553,0.29396362701867906,0.0780463691025474,-0.9633925229741479,0.41823887825012207,success,0,True
197,19.8,1.669481804323486,0.8148721206492265,0.23742412046213648,0.10075517854146301,-0.5653950655654258,0.277191162109375,success,0,True
198,19.900000000000002,1.678928646110832,0.8171581456186189,0.21555294856888582,0.09719502554957728,-0.21871171893250657,0.27150559425354004,success,0,True
199,20.0,1.6881841761315382,0.8191846864974213,0.13773894590961513,0.09474793079410851,-0.7781400265927068,0.41282129287719727,success,0,True
200,20.1,1.6958687052986523,0.8202498903354712,0.09688133516968195,0.07758005396802911,-0.40857610739933187,0.2826218605041504,success,0,True
201,20.200000000000003,1.7077429152844923,0.8214038923993432,0.08737654507095226,0.11930154380863814,-0.09504790098729693,0.15186309814453125,success,0,True
202,20.3,1.7171263909648111,0.8222258810185845,0.031447099594011346,0.09419409808119568,-0.5592944547694091,0.27915096282958984,success,0,True
203,20.400000000000002,1.727861284321682,0.8225635736034406,0.010944977048990875,0.10740203520662961,-0.20502122545020468,0.38752079010009766,success,0,True
204,20.5,1.736276854404431,0.8226556855029854,-0.02800791926879432,0.08416074169094197,-0.3895289631778519,0.40555405616760254,success,0,True
205,20.6,1.7461312047077389,0.8223796134638258,-0.05952484485535931,0.09858216657748563,-0.3151692558656499,0.4011087417602539,success,0,True
206,20.700000000000003,1.7551853935176231,0.8218400268399769,-0.11567928497833466,0.09070252958416854,-0.5615444012297535,0.4066915512084961,success,0,True
207,20.8,1.7625114125798669,0.8209887576592426,-0.1577604721041217,0.07375311147228072,-0.42081187125787034,0.4140739440917969,success,0,True
208,20.900000000000002,1.768086022032586,0.8201019352166118,-0.1783376738211326,0.05644707662501237,-0.2057720171701092,0.4239630699157715,success,0,True
209,21.0,1.778045179048012,0.8183067705122927,-0.22177722982626408,0.10119655368318875,-0.4343955600513145,0.47316718101501465,success,0,True
210,21.1,1.787270596027253,0.8162265656783129,-0.2796005978992552,0.09457038151143247,-0.5782336807299107,0.4952688217163086,success,0,True
211,21.200000000000003,1.7918731152993261,0.8149050813804989,-0.3363613151747893,0.04788476208479467,-0.5676071727553411,0.44655895233154297,success,0,True
212,21.3,1.8035965481532885,0.8108060050045234,-0.4109877150393169,0.12419392296624061,-0.7462639986452764,0.4478576183319092,success,0,True
213,21.400000000000002,1.8092883227172154,0.8083254954536274,-0.4832160775062388,0.062088022450912446,-0.7222836246692187,0.4584500789642334,success,0,True
214,21.5,1.8167377381829786,0.8044167464611119,-0.5162377751715396,0.08412616089424478,-0.3302169766530082,0.41599321365356445,success,0,True
215,21.6,1.8203933984843048,0.8023418778976484,-0.6144908154440849,0.04203442850133813,-0.9825304027254529,0.4384622573852539,success,0,True
216,21.700000000000003,1.8272772026027229,0.7974844972142761,-0.6623204862203514,0.0842501669101893,-0.4782967077626652,0.5017907619476318,success,0,True
217,21.8,1.8305961309163252,0.7948962979014791,-0.7744386964886082,0.042088075310702175,-1.1211821026825672,0.43208837509155273,success,0,True
218,21.900000000000002,1.8353294423103894,0.790265615001943,-0.8875920529802189,0.06621741528422409,-1.1315335649161073,0.2785985469818115,success,0,True
219,22.0,1.8378550344132356,0.7871628260060893,-0.9494637287419854,0.04000739309521355,-0.6187167576176639,0.28926920890808105,success,0,True
220,22.1,1.8416776690660843,0.7818233743529647,-1.0034716939302821,0.06566755640741873,-0.5400796518829677,0.4758777618408203,success,0,True
221,22.200000000000003,1.8459442707005065,0.7751275200368664,-1.0244153910935994,0.0793966967381297,-0.2094369716331725,0.35613536834716797,success,0,True
222,22.3,1.8502287771995918,0.7680822189911898,-1.0789880133681922,0.08245802736235841,-0.5457262227459287,0.30657005310058594,success,0,True
223,22.400000000000002,1.8543253561480655,0.7604352557746566,-1.1408129145704016,0.08675137204453189,-0.6182490120220944,0.5936198234558105,success,0,True
224,22.5,1.858366055787291,0.7516243283953734,-1.1783031927506562,0.09693280912954101,-0.3749027818025466,0.15238666534423828,success,0,True
225,22.6,1.8640482455126397,0.7378983140661313,-1.2679480813285597,0.14855663884236897,-0.8964488857790349,0.17325401306152344,success,0,True
226,22.700000000000003,1.8684068603043684,0.7239489523356067,-1.329155235126563,0.14614452285039534,-0.6120715379800332,0.16109800338745117,success,0,True
227,22.8,1.872071413121214,0.7090800048802625,-1.352528264315097,0.1531386776021134,-0.2337302918853415,0.1495208740234375,success,0,True
228,22.900000000000002,1.87554491434933,0.6934196059106742,-1.4616380156594369,0.16040988332032552,-1.0910975134433982,0.1655106544494629,success,0,True
229,23.0,1.877182230568548,0.6784797642879916,-1.5151306580933768,0.15029293799528762,-0.5349264243393981,0.14046096801757812,success,0,True
230,23.1,1.8781112683340784,0.661807405972659,-1.5345873373017525,0.16698222748682667,-0.19456679208375732,0.13451194763183594,success,0,True
231,23.200000000000003,1.8788092977137991,0.6425380393643629,-1.5824237839824173,0.1928200545845442,-0.4783644668066496,0.2680397033691406,success,0,True
232,23.3,1.8785986826249852,0.6244252573717948,-1.5968609775338565,0.18114006465327845,-0.1443719355143921,0.2613036632537842,success,0,True
233,23.400000000000002,1.878192081378001,0.6088290704187647,-1.594781623210058,0.15601486212791243,0.020793543237983547,0.13079166412353516,success,0,True
234,23.5,1.87777984067435,0.5916451407218928,-1.6164702078880142,0.1718887379163577,-0.21688584677956282,0.24802660942077637,success,0,True
235,23.6,1.8771840490626537,0.57860974181308,-1.6149941003227015,0.1304900733222431,0.014761075653126121,0.2522919178009033,success,0,True
236,23.700000000000003,1.8766990721725505,0.5676440071462627,-1.635495890013135,0.10976453861196299,-0.2050178969043328,0.1282186508178711,success,0,True
237,23.8,1.876006733325358,0.5569581154353732,-1.6487025632646624,0.10708296537553863,-0.13206673251527434,0.1300513744354248,success,0,True
238,23.900000000000002,1.874991704750964,0.5439556363405165,-1.6278006880955675,0.13042037632940018,0.20901875169094852,0.13670945167541504,success,0,True
239,24.0,1.8743314833789295,0.5323862393180822,-1.6329436416659104,0.11588219868590788,-0.051429535703429785,0.144059419631958,success,0,True
240,24.1,1.873789783297932,0.5236810764035696,-1.644948764276518,0.08722000937053224,-0.1200512261060755,0.27222204208374023,success,0,True
241,24.200000000000003,1.8729058305112154,0.5117821819155947,-1.6740731673110796,0.11931683140492155,-0.29124403034561713,0.43706250190734863,success,0,True
242,24.3,1.8721457309500895,0.5044485415791237,-1.6852849947880695,0.07372925601654876,-0.11211827476989852,0.26171350479125977,success,0,True
243,24.400000000000002,1.8707112762749816,0.49197410397044034,-1.6986314564785612,0.12556641822870945,-0.13346461690491715,0.25873875617980957,success,0,True
244,24.5,1.8695668521485638,0.483070578501155,-1.7658913874235511,0.08976774051035277,-0.6725993094498995,0.36942028999328613,success,0,True
245,24.6,1.8686712383886772,0.478538316926246,-1.7993873532725342,0.046199046516453686,-0.3349596584898317,0.2561938762664795,success,0,True
246,24.700000000000003,1.8662532824921363,0.4681455528533246,-1.828701411818038,0.10670335317740587,-0.2931405854550387,0.11545252799987793,success,0,True
247,24.8,1.8648941889884585,0.46299317035233567,-1.9032943494069325,0.05328619013237528,-0.7459293758889451,0.25037717819213867,success,0,True
248,24.900000000000002,1.8616001288725184,0.4534539726878669,-1.9363230573718364,0.10091933616965226,-0.33028707964903853,0.37709641456604004,success,0,True
249,25.0,1.859742296501417,0.4485997604490644,-2.000756866152377,0.051975876691454044,-0.6443380878054041,0.3710649013519287,success,0,True
250,25.1,1.8557426474289873,0.43987781918478175,-2.0327942992171035,0.09595282805638597,-0.3203743306472655,0.3739488124847412,success,0,True
251,25.200000000000003,1.8533185522523836,0.43500956824766474,-2.107135381146628,0.05438391730279634,-0.7434108192952461,0.39567065238952637,success,0,True
252,25.3,1.8464051516375266,0.4233799333764792,-2.137007562841092,0.1352935753458377,-0.29872181694464,0.24612069129943848,success,0,True
253,25.400000000000002,1.842002708763612,0.4164538908787595,-2.214889818144362,0.08206800103469178,-0.7788225530326989,0.2816646099090576,success,0,True
254,25.5,1.8380567686819584,0.41119912538527276,-2.2519045691497475,0.06571377596785828,-0.37014751005385593,0.3005101680755615,success,0,True
255,25.6,1.8346902676115007,0.4070454945738858,-2.268040276997604,0.05346585674493198,-0.16135707847856443,0.1358964443206787,success,0,True
256,25.700000000000003,1.8317564653724714,0.4035428149643841,-2.324845414096072,0.04569021779829064,-0.5680513709846772,0.1276845932006836,success,0,True
257,25.8,1.8134863431992432,0.384089717142694,-2.342311340833529,0.2668745733645173,-0.17465926737457127,0.2588214874267578,success,0,True
258,25.900000000000002,1.801223833095781,0.37148190647647816,-2.3616012935959994,0.17587667378952182,-0.19289952762470314,0.37537455558776855,success,0,True
259,26.0,1.7832248847808394,0.35367654690173067,-2.364852321667847,0.2531783896840309,-0.0325102807184772,0.36891674995422363,success,0,True
260,26.1,1.7736412225864526,0.34425741183449593,-2.3441365316372265,0.13437510426821275,0.20715790030620482,0.3663322925567627,success,0,True
261,26.200000000000003,1.7674622825954824,0.3379276349434353,-2.3403745350648273,0.08845641576653156,0.03761996572399265,0.3890559673309326,success,0,True
262,26.3,1.7643950637702845,0.33476180128062155,-2.26794196513768,0.04407985265657484,0.7243256992714738,0.3867347240447998,success,0,True
263,26.400000000000002,1.7465676613127965,0.31347333440634734,-2.239979648303881,0.27767158663397984,0.27962316833798845,0.3750185966491699,success,0,True
264,26.5,1.7371323750989056,0.30154391350785215,-2.13166050947971,0.15209724156324977,1.0831913882417092,0.37280821800231934,success,0,True
265,26.6,1.7309371878717863,0.2916813850166782,-2.039177817187652,0.11646879969257017,0.9248269229205837,0.414353609085083,success,0,True
266,26.700000000000003,1.7275350109281364,0.2849568039656111,-1.9191778173440799,0.0753623236559701,1.19999999843572,0.3773059844970703,success,0,True
267,26.8,1.7243021392639173,0.2760556130356074,-1.8588125889169247,0.09470092880732026,0.6036522842715513,0.2579762935638428,success,0,True
268,26.900000000000002,1.7226891791754362,0.27061108949973484,-1.7388125889172013,0.056784220325458934,1.1999999999972344,0.23333168029785156,success,0,True
269,27.0,1.7212704017852307,0.26224641254677544,-1.6611197700061724,0.08484146970104192,0.7769281891102888,0.35923290252685547,success,0,True
270,27.1,1.7206011728737276,0.25485732319947224,-1.6241554288221913,0.07419333441652372,0.36964341183980964,0.22454595565795898,success,0,True
271,27.200000000000003,1.7199625893033401,0.24290102382362821,-1.5793389846754262,0.11973340542270433,0.4481644414676502,0.11951613426208496,success,0,True
272,27.3,1.7198871599698236,0.2340715120143484,-1.4894845922786288,0.08829833994734355,0.8985439239679738,0.14417624473571777,success,0,True
273,27.400000000000002,1.7205340415351074,0.22613347822354082,-1.44704594531152,0.07964347821605151,0.42438646967108734,0.13172554969787598,success,0,True
274,27.5,1.721921995127196,0.21497503799544787,-1.407353614673423,0.11244429887625032,0.39692330638097256,0.24616193771362305,success,0,True
275,27.6,1.722979687321399,0.2085614320436738,-1.3107632483033826,0.06500234925163043,0.9659036637004028,0.2321794033050537,success,0,True
276,27.700000000000003,1.724250211206595,0.2037860490637991,-1.2488172118627652,0.049415092378068626,0.6194603644061751,0.13925909996032715,success,0,True
277,27.8,1.7263073193182874,0.19761942324443363,-1.2205399197979772,0.06500689792572441,0.2827729206478809,0.1261751651763916,success,0,True
278,27.900000000000002,1.728862661099882,0.19062460194370057,-1.211909016758115,0.07446965600159058,0.08630903039862087,0.24717307090759277,success,0,True
279,28.0,1.730641408071937,0.18588295899519275,-1.2182778635586846,0.05064298435294699,-0.06368846800569675,0.35501909255981445,success,0,True
280,28.1,1.7326376096928484,0.18045680482748444,-1.2747041675841815,0.05781692655535041,-0.5642630402549679,0.25124382972717285,success,0,True
281,28.200000000000003,1.7349676205640443,0.17281891793477813,-1.3251699442037819,0.07985378315750985,-0.5046577661960048,0.254061222076416,success,0,True
282,28.3,1.736159345478584,0.16806510672607036,-1.365158178633719,0.04900911066319197,-0.3998823442993723,0.36484718322753906,success,0,True
283,28.400000000000002,1.7379401168790973,0.15952778435770779,-1.3755334495598956,0.08721067595325163,-0.1037527092617655,0.2470712661743164,success,0,True
284,28.5,1.73945716609268,0.15185751148840096,-1.3418016356265905,0.07818856962885078,0.33731813933305194,0.2445669174194336,success,0,True
285,28.6,1.740343865334084,0.14805329357413957,-1.2864279756732082,0.03906188613455983,0.5537365995338226,0.3917982578277588,success,0,True
286,28.700000000000003,1.7415004800824117,0.14409621228979347,-1.2296763033011324,0.04122650842233816,0.5675167237207579,0.47617554664611816,success,0,True
287,28.8,1.7426859343373307,0.14075688148170037,-1.1842886643214705,0.03543505613990965,0.4538763897966199,0.3574485778808594,success,0,True
288,28.900000000000002,1.7438459238501973,0.13790663261654681,-1.1255881023488499,0.030772543384110992,0.5870056197262071,0.1247091293334961,success,0,True
289,29.0,1.7451766853739616,0.1351177044682517,-1.0893451826493343,0.03090153143370789,0.36242919699515647,0.14394354820251465,success,0,True
290,29.1,1.7465195976919046,0.13254732432309288,-1.0370137353636941,0.029000461348587612,0.523314472856402,0.13924050331115723,success,0,True
291,29.200000000000003,1.7480046004180636,0.13003466963207957,-1.0054241881335415,0.02918675503198529,0.31589547230152515,0.2421250343322754,success,0,True
292,29.3,1.7493996820436493,0.12783581609573233,-0.9588276890311607,0.026040755780801762,0.4659649910238081,0.36942338943481445,success,0,True
293,29.400000000000002,1.7509990762911025,0.12555700016124732,-0.9287027353236385,0.02784073278857666,0.30124953707522234,0.27332067489624023,success,0,True
294,29.5,1.7525086264614584,0.12353835350534097,-0.8888582891072743,0.025206499237743644,0.3984444621636414,0.16226458549499512,success,0,True
295,29.6,1.7541157297796235,0.12155884968826292,-0.857264170786819,0.025497483085754908,0.3159411832045517,0.13423371315002441,success,0,True
296,29.700000000000003,1.7556585163665195,0.11977670106121098,-0.8244867941323525,0.023571686790744346,0.32777376654466595,0.12703943252563477,success,0,True
297,29.8,1.75722297033967,0.11808489965854972,-0.7940798926970597,0.023042804126566212,0.30406901435292805,0.13099312782287598,success,0,True
298,29.900000000000002,1.7590267238545059,0.11624955165565486,-0.7641382441660327,0.025733303390766786,0.2994164853102698,0.13465332984924316,success,0,True
299,30.0,1.7606344682035147,0.11470875511834035,-0.7329412504616514,0.02226857844850006,0.3119699370438134,0.14327001571655273,success,0,True
300,30.1,1.762253315845718,0.11325142256835659,-0.700712157715373,0.021781840716316454,0.32229092746278354,0.1372532844543457,success,0,True
301,30.200000000000003,1.763865906857916,0.11189119155295767,-0.6700843421907311,0.021096630507914733,0.3062781552464193,0.1336808204650879,success,0,True
302,30.3,1.7655003410869894,0.11059607981993928,-0.6411963321977543,0.02085351205473124,0.28888009992976804,0.1328425407409668,success,0,True
303,30.400000000000002,1.7671605131187456,0.10935691912376139,-0.6142842550383331,0.02071639545378879,0.26912077159421194,0.1372697353363037,success,0,True
304,30.5,1.7688364335338709,0.10817486712443385,-0.5892141250971282,0.02050842794303848,0.2507012994120488,0.1251506805419922,success,0,True
305,30.6,1.7705209779951965,0.10704888718755196,-0.5658613184301926,0.020262084938236957,0.2335280666693558,0.11625790596008301,success,0,True
306,30.700000000000003,1.772209119678233,0.10597667252812816,-0.5440969596933127,0.019998666500266684,0.21764358736879863,0.13626575469970703,success,0,True
307,30.8,1.773897457758304,0.10495520700835488,-0.5237947731566618,0.019732909772012055,0.2030218653665091,0.11892127990722656,success,0,True
308,30.900000000000002,1.775368128576583,0.10410573044151236,-0.5049278883612772,0.016983766052769866,0.18866884795384536,0.13439011573791504,success,0,True
309,31.0,1.7768542177690692,0.1032843415812376,-0.4873834704359109,0.016979813743994956,0.17544417925366343,0.13785004615783691,success,0,True
310,31.1,1.778363315036701,0.10248447191452187,-0.4709629810068277,0.01707971324966015,0.16420489429083188,0.12787365913391113,success,0,True
311,31.200000000000003,1.779893373260676,0.10170540000652245,-0.4555677904217988,0.017169831701526753,0.15395190585028926,0.13428139686584473,success,0,True
312,31.3,1.781440650107467,0.10094732618750939,-0.4411228061877606,0.0172300364355049,0.1444498423403818,0.15269255638122559,success,0,True
313,31.400000000000002,1.7827746454547684,0.10031747639989064,-0.427616048792309,0.014752133207048712,0.13506757395451613,0.13652849197387695,success,0,True
314,31.5,1.784139493845225,0.09969546204062603,-0.4149827434626436,0.014999043276367573,0.1263330532966544,0.1279454231262207,success,0,True
315,31.6,1.7855433131624099,0.09907698400872465,-0.40309289455077546,0.015340220830371808,0.11889848911868117,0.11949634552001953,success,0,True
316,31.700000000000003,1.786750429681164,0.0985622166942428,-0.3919300895999733,0.013122940516165287,0.11162804950802178,0.12972450256347656,success,0,True
317,31.8,1.7880073903163205,0.09804269862532135,-0.38145364019471567,0.013600915639282412,0.10476449405257598,0.11364865303039551,success,0,True
318,31.900000000000002,1.7893205323312584,0.09751599835847446,-0.37155080349762476,0.014148339558025975,0.09902836697090892,0.13741755485534668,success,0,True
319,32.0,1.7904479166320073,0.09707671493727546,-0.36222385726362427,0.012099443316597366,0.09326946234000491,0.13446784019470215,success,0,True
320,32.1,1.791637643058891,0.09662587534819396,-0.3534504412798172,0.012722835006037839,0.08773415983807076,0.1428360939025879,success,0,True
321,32.2,1.792657214154632,0.09624971107727492,-0.34516751329960027,0.01086749639055189,0.08282927980216895,0.14551854133605957,success,0,True
322,32.300000000000004,1.7937562566529797,0.09585453748774789,-0.3373435799756165,0.011679283278669435,0.07823933323983766,0.13933277130126953,success,0,True
323,32.4,1.7946985812798406,0.09552401631483169,-0.32994347416139275,0.009986090066360205,0.07400105814223715,0.140272855758667,success,0,True
324,32.5,1.795733142149537,0.09516971882914067,-0.3229531850824815,0.010935460216533728,0.06990289078911244,0.12085103988647461,success,0,True
325,32.6,1.796620781827559,0.09487265234609046,-0.31630456765356346,0.009360302844196002,0.06648617428918033,0.12743902206420898,success,0,True
326,32.7,1.7974456890577206,0.09460266586673144,-0.31000623038318487,0.008679658042859069,0.06298337270378575,0.13886213302612305,success,0,True
327,32.800000000000004,1.7983085995141161,0.0943262459851972,-0.3040610748143221,0.00906102867595161,0.059451555688627665,0.15677523612976074,success,0,True
328,32.9,1.7990838236812463,0.0940829871955516,-0.2984083060948197,0.008124945218538989,0.05652768719502377,0.15326523780822754,success,0,True
329,33.0,1.7998317907967913,0.0938529176680142,-0.2930411808790627,0.00782551463763366,0.05367125215756987,0.13557672500610352,success,0,True
330,33.1,1.80057905534285,0.09362744717761771,-0.287928439367745,0.0078053907258753205,0.05112741511317763,0.1228477954864502,success,0,True
331,33.2,1.8012818285496788,0.09341931516929938,-0.2830533932415465,0.007329455048794183,0.04875046126198479,0.11037445068359375,success,0,True
332,33.300000000000004,1.8019613200002633,0.09322167617150086,-0.278407912791488,0.007076509060747073,0.04645480450058477,0.13506269454956055,success,0,True
333,33.4,1.8026313741821045,0.09303015365991879,-0.2740034792690026,0.006968884265401113,0.04404433522485407,0.1325821876525879,success,0,True
334,33.5,1.8032685649510354,0.09285105649694629,-0.2698081490614053,0.006618820663801342,0.04195330207597295,0.12343478202819824,success,0,True
335,33.6,1.803884533931169,0.09268070928928401,-0.265812953607548,0.006390899433141664,0.03995195453857329,0.1327965259552002,success,0,True
336,33.7,1.8044804208431315,0.09251847575624189,-0.261997952063832,0.006175766600929038,0.03815001543715975,0.12991905212402344,success,0,True
337,33.800000000000004,1.8050568265086886,0.0923639056461509,-0.25834424591500343,0.005967708188407752,0.036537061488285213,0.1179189682006836,success,0,True
338,33.9,1.8056142542400566,0.09221660570645018,-0.25483698402242105,0.005765613132476247,0.035072618925823744,0.13128018379211426,success,0,True
339,34.0,1.8061531786013831,0.0920762155406702,-0.25146877870711015,0.005569101057432323,0.03368205315310922,0.12180018424987793,success,0,True
340,34.1,1.8066783569359854,0.0919412935231245,-0.24825262108663898,0.005422326382230825,0.03216157620471174,0.1209259033203125,success,0,True
341,34.2,1.8071815875085193,0.09181373391179158,-0.24527438718824848,0.005191458981598864,0.029782338983904942,0.12836074829101562,success,0,True
342,34.300000000000004,1.8076678202383585,0.09169202294039398,-0.2424385034043635,0.005012343046175368,0.028358837838850074,0.13384318351745605,success,0,True
343,34.4,1.808137815615307,0.09157579177364175,-0.23961574620013726,0.004841542507068491,0.028227572042262228,0.11959576606750488,success,0,True
344,34.5,1.808590970615343,0.091465081713189,-0.23705205281612796,0.004664827666089185,0.025636933840092992,0.13759231567382812,success,0,True
345,34.6,1.8089912036262459,0.09136838763609993,-0.234614093921976,0.004117477474868879,0.024379588941519675,0.13733339309692383,success,0,True
346,34.7,1.809413007421896,0.09126756990082469,-0.23218357106814805,0.004336849752651593,0.024305228538279315,0.1413109302520752,success,0,True
